Trading Day,Date,Open,High,Low,Close,Volume,Dividends,Stock Splits,date_only,RollingMean,RollingStd,UpperBand1,LowerBand1,UpperBand2,LowerBand2,CCI_10,CCI_40,OBV,VPT,VPT_signal,VWAP,MFI_14,PP,R1,S1,R2,S2,R3,S3,CMF,%R,macd,macd_signal,macde_histogram,rsi,ADX,sma_5,sma_20,sma_50,sma_100,symbol,created_on
1,2025-07-25 00:00:00+05:30,20.850000381469727,20.850000381469727,19.25,19.3799991607666,6836,0.0,0.0,2025-07-25,20.08300018310547,0.8167980908931888,20.89979827399866,19.26620209221228,21.716596364891846,18.449404001319092,-2.90425188970141,-46.6537126719955,21495,5144.9193888543905,7810.088312977516,21.07978846441581,73.07371325956426,19.826666514078777,20.403333028157554,18.803332646687828,21.426666895548504,18.22666613260905,22.00333340962728,17.2033322652181,-0.37287658598558715,-67.59908874104346,-0.22470438433456152,-0.17983379896129756,-0.044870585373263966,46.12799095659907,15.611148560823407,19.697999954223633,20.08300018310547,20.196600074768067,20.79720006942749,EUROLED.BO,2025-07-25 11:58:10.351495
2,2025-07-24 00:00:00+05:30,19.75,19.989999771118164,19.399999618530273,19.950000762939453,1956,0.0,0.0,2025-07-24,20.20150022506714,0.8789903315936425,21.08049055666078,19.322509893473498,21.959480888254426,18.443519561879853,-7.767879931091729,-50.69024021480501,28331,1515.4253006722172,8476.380544008296,21.113661660834115,71.70726457570885,19.78000005086263,20.160000483194985,19.570000330607094,20.37000020345052,19.18999989827474,20.750000635782875,18.980000178019203,-0.345587160274699,-54.31234094316369,-0.20361910099979497,-0.16861615261798155,-0.03500294838181342,49.214484363965326,16.70476158218623,19.536000061035157,20.20150022506714,20.214000091552734,20.82640007019043,EUROLED.BO,2025-07-25 11:58:10.351495
3,2025-07-23 00:00:00+05:30,19.75,20.25,18.5,19.489999771118164,4606,0.0,0.0,2025-07-23,20.2395001411438,0.883959254115627,21.123459395259427,19.355540887028173,22.007418649375055,18.471581632912546,-71.76567556995349,-96.97070835864771,26375,3486.2500561464203,10216.619354842316,21.120334916501484,70.49002817808653,19.413333257039387,20.326666514078774,18.576666514078774,21.163333257039387,17.663333257039387,22.076666514078774,16.826666514078774,-0.3626999702113664,-65.03497249683888,-0.22967493238367354,-0.1598654155225282,-0.06980951686114534,46.53358721130618,17.18612986880542,19.5939998626709,20.2395001411438,20.22480007171631,20.85480007171631,EUROLED.BO,2025-07-25 11:58:10.351495
4,2025-07-22 00:00:00+05:30,20.579999923706055,20.579999923706055,18.989999771118164,19.56999969482422,2660,0.0,0.0,2025-07-22,20.285000133514405,0.8665995125308282,21.151599646045234,19.418400620983576,22.01819915857606,18.55180110845275,-34.228047644188024,-57.971050720578766,30981,2021.5999684750466,11899.21167951629,21.14265254390214,73.46736343688303,19.713333129882812,20.43666648864746,18.84666633605957,21.303333282470703,18.123332977294922,22.02666664123535,17.25666618347168,-0.3848383735339876,-63.17017280841687,-0.2142512410611772,-0.14241303630724184,-0.07183820475393538,46.93369081877006,17.70452648516455,19.731999969482423,20.285000133514405,20.254800071716307,20.88940008163452,EUROLED.BO,2025-07-25 11:58:10.351495
5,2025-07-21 00:00:00+05:30,19.25,22.280000686645508,19.25,20.100000381469727,75848,0.0,0.0,2025-07-21,20.392000102996825,0.9049372208750135,21.296937323871838,19.487062882121812,22.20187454474685,18.5821256612468,109.24120450277893,50.47176847187023,33641,59205.62442461035,14368.614607276599,21.155184205386938,67.71895928069313,20.543333689371746,21.836667378743492,18.806666692097984,23.573334376017254,17.513333002726238,24.866668065389,15.776666005452476,-0.3783724287569506,-50.8158470849139,-0.19913679176234922,-0.124453485118758,-0.07468330664359121,49.55484938253865,18.69468109359918,19.99200019836426,20.392000102996825,20.288400077819823,20.921300086975098,EUROLED.BO,2025-07-25 11:58:10.351495
6,2025-07-18 00:00:00+05:30,20.030000686645508,20.25,17.989999771118164,18.56999969482422,12496,0.0,0.0,2025-07-18,20.43700008392334,0.9120023133768874,21.34900239730023,19.524997770546452,22.261004710677117,18.612995457169564,-189.8312429505671,-163.20774549197725,-42207,9011.678298505769,3159.362152943158,21.465431572982297,10.194759627113484,18.93666648864746,19.883333206176758,17.623332977294922,21.196666717529297,16.676666259765625,22.143333435058594,15.363332748413086,-0.2818143375515638,-86.3849790482689,-0.22896552972723683,-0.1057826584578602,-0.12318287126937663,40.673277860734196,19.994343449716126,19.780000305175783,20.43700008392334,20.30140007019043,20.938800086975096,EUROLED.BO,2025-07-25 11:58:10.351495
7,2025-07-17 00:00:00+05:30,20.25,20.25,19.579999923706055,20.239999771118164,91,0.0,0.0,2025-07-17,20.50850009918213,0.8080597212590452,21.316559820441174,19.700440377923083,22.12461954170022,18.892380656664038,-0.593560709608487,-24.48116139611291,-29711,71.52776618142732,1696.283116552505,21.612827056560658,18.75603090748089,20.023333231608074,20.466666539510094,19.796666463216148,20.69333330790202,19.35333315531413,21.13666661580404,19.126666386922203,,-52.558154182993725,-0.11300429283496882,-0.07498694064051603,-0.03801735219445279,49.50783257877852,19.040493293111638,19.916000366210938,20.50850009918213,20.344000091552733,20.97370008468628,EUROLED.BO,2025-07-25 11:58:10.351495
8,2025-07-16 00:00:00+05:30,21.25,21.25,19.260000228881836,20.18000030517578,3340,0.0,0.0,2025-07-16,20.494000148773193,0.8156971142099865,21.30969726298318,19.678303034563207,22.125394377193167,18.862605920353218,37.073813952373015,2.3171210274929313,-29802,2617.522369681054,2102.471954145274,21.61333617418628,20.149946659295466,20.230000178019207,21.200000127156578,19.210000356038414,22.21999994913737,18.240000406901043,23.189999898274742,17.22000058492025,,-53.953490847829926,-0.12729628807252524,-0.06548260259190283,-0.06181368548062241,49.13927261706871,19.468016059610616,19.83800048828125,20.494000148773193,20.344400100708008,20.97950008392334,EUROLED.BO,2025-07-25 11:58:10.351495
9,2025-07-15 00:00:00+05:30,19.5,21.0,19.479999542236328,20.8700008392334,2070,0.0,0.0,2025-07-15,20.485000133514404,0.8203238802030082,21.305324013717414,19.664676253311395,22.12564789392042,18.84435237310839,100.38708102318462,27.92367918031698,-26462,1677.7049218335205,1973.709350261329,21.633115309050332,22.16072443581959,20.450000127156574,21.42000071207682,19.90000025431315,21.970000584920246,18.929999669392902,22.940001169840492,18.379999796549477,,-37.90696395287872,-0.13775660293427805,-0.05002918122174724,-0.08772742171253081,53.29330576492859,19.92842519276336,19.852000427246093,20.485000133514404,20.325600090026857,20.970900077819824,EUROLED.BO,2025-07-25 11:58:10.351495
10,2025-07-14 00:00:00+05:30,19.25,20.5,19.0,19.040000915527344,8127,0.0,0.0,2025-07-14,20.4185001373291,0.8411160220656152,21.259616159394717,19.577384115263484,22.10073218146033,18.73626809319787,-113.68338899714418,-93.96136364965776,-28532,6009.2461141938165,2047.710457368281,21.639697994188143,15.76126035287463,19.513333638509113,20.026667277018227,18.526667277018227,21.013333638509113,18.013333638509113,21.526667277018227,17.026667277018227,,-80.46510926448188,-0.21701635254425256,-0.028097325793614528,-0.18891902675063804,41.0127972112919,20.08013945548111,19.718000411987305,20.4185001373291,20.301800079345703,20.97060007095337,EUROLED.BO,2025-07-25 11:58:10.351495
11,2025-07-11 00:00:00+05:30,19.75,20.450000762939453,19.25,19.25,1512,0.0,0.0,2025-07-11,20.514500045776366,0.7830671291297293,21.297567174906096,19.731432916646636,22.080634304035826,18.948365787516906,-91.12884239246095,-80.78929803947686,-20405,1130.330097087379,1057.3265431618968,21.73082750061394,38.21156362700288,19.650000254313152,20.050000508626304,18.84999974568685,20.850001017252605,18.4499994913737,21.250001271565758,17.649998982747398,,-77.46782679309196,-0.13497745838378705,0.019132430894044976,-0.15410988927783204,42.19497130847762,19.526799367216533,19.950000381469728,20.514500045776366,20.351000061035155,20.99040006637573,EUROLED.BO,2025-07-25 11:58:10.351495
12,2025-07-10 00:00:00+05:30,20.25,20.5,19.100000381469727,19.850000381469727,836,0.0,0.0,2025-07-10,20.54750003814697,0.7396787560140312,21.287178794161,19.80782128213294,22.026857550175034,19.06814252611891,-81.34036869065876,-60.96513749308073,-18893,644.450497821697,1039.0756546805262,21.747112808197066,41.63254285273598,19.816666920979817,20.533333460489906,19.133333841959633,21.21666653951009,18.416667302449543,21.93333307902018,17.73333422342936,,-64.59228170476044,-0.04857942859786135,0.05765990321350298,-0.10623933181136433,45.68895214501393,19.143873397851806,20.13800048828125,20.54750003814697,20.39740005493164,21.0442000579834,EUROLED.BO,2025-07-25 11:58:10.351495
13,2025-07-09 00:00:00+05:30,20.200000762939453,20.25,20.200000762939453,20.25,9,0.0,0.0,2025-07-09,20.601000022888183,0.7251269986727642,21.326127021560946,19.87587302421542,22.05125402023371,19.150746025542656,-50.827139589788466,-6.981540032050066,-18057,7.077669902912624,1137.7319438952334,21.754023573088432,42.978722813017406,20.233333587646484,20.266666412353516,20.21666717529297,20.28333282470703,20.183334350585938,20.316665649414062,20.166667938232422,,-56.008598622615914,0.0036813360378218363,0.08421973616634405,-0.08053840012852222,48.15753752180118,18.731491584689792,20.318000411987306,20.601000022888183,20.439000053405763,21.081400051116944,EUROLED.BO,2025-07-25 11:58:10.351495
14,2025-07-08 00:00:00+05:30,20.25,20.25,19.549999237060547,20.200000762939453,64,0.0,0.0,2025-07-08,20.61000003814697,0.7216499370695161,21.331649975216486,19.888350101077457,22.053299912286004,19.16670016400794,-86.12258311575403,-39.82122258345713,-18066,50.20582713895633,1420.3955123933135,21.75408255800323,42.43386160442636,20.0,20.450000762939453,19.75,20.700000762939453,19.299999237060547,21.150001525878906,19.049999237060547,,-57.08154365904792,0.031141271723132746,0.1043543361984746,-0.07321306447534186,47.830362528160656,19.26776533363483,20.24800033569336,20.61000003814697,20.463000068664552,21.10990005493164,EUROLED.BO,2025-07-25 11:58:10.351495
15,2025-07-07 00:00:00+05:30,20.25,20.450000762939453,19.899999618530273,20.200000762939453,903,0.0,0.0,2025-07-07,20.574499988555907,0.759358805829693,21.3338587943856,19.815141182726215,22.093217600215294,19.05578237689652,-80.28386776106764,-18.894697856724505,-18002,708.3728422887119,1762.942933706903,21.75451608763371,42.2468132817668,20.18333371480306,20.466667811075844,19.916666666666664,20.73333485921224,19.63333257039388,21.016668955485024,19.366665522257485,,-57.08154365904792,0.07075064042888357,0.12265760231731006,-0.05190696188842649,47.830362528160656,19.845290909421795,20.608000183105467,20.574499988555907,20.49140007019043,21.167100048065187,EUROLED.BO,2025-07-25 11:58:10.351495
16,2025-07-04 00:00:00+05:30,20.700000762939453,20.700000762939453,19.56999969482422,20.190000534057617,1177,0.0,0.0,2025-07-04,20.563999938964844,0.7662305526749971,21.330230491639842,19.797769386289847,22.09646104431484,19.03153883361485,-92.92331245211324,-24.679324041567156,-18905,922.8594418868283,2026.5854565614507,21.760658803723835,39.15423904725862,20.15333366394043,20.73666763305664,19.606666564941406,21.283334732055664,19.023332595825195,21.866668701171875,18.476665496826172,,-57.29614085238022,0.12039065581080521,0.13563434278941666,-0.015243686978611448,47.77352360577845,20.7968826546568,20.904000091552735,20.563999938964844,20.502600059509277,21.213100032806395,EUROLED.BO,2025-07-25 11:58:10.351495
17,2025-07-03 00:00:00+05:30,20.389999389648438,20.979999542236328,20.0,20.75,492,0.0,0.0,2025-07-03,20.505999946594237,0.8366938101255414,21.34269375671978,19.669306136468695,22.17938756684532,18.832612326343153,-42.45109456883442,25.006144796957475,-17728,396.46601941747593,2302.516960230106,21.76879045024492,61.205635897799255,20.576666514078777,21.153333028157554,20.173333485921226,21.556666056315105,19.59666697184245,22.133332570393883,19.193333943684898,,-45.278984537377895,0.18310568810919392,0.13944526453406952,0.043660423575124396,50.642636712863734,21.82167376490989,21.21599998474121,20.505999946594237,20.510400047302245,21.258500022888185,EUROLED.BO,2025-07-25 11:58:10.351495
18,2025-07-02 00:00:00+05:30,22.0,22.0,18.200000762939453,19.899999618530273,12013,0.0,0.0,2025-07-02,20.45349998474121,0.85335399713947,21.306853981880682,19.60014598760174,22.16020797902015,18.74679199046227,-81.83748802957042,-37.5674728649424,-18220,9283.832831743855,2779.029695433264,21.771000037644175,65.62049121679016,20.03333346048991,21.866666158040367,18.06666692097982,23.833332697550457,16.233334223429363,25.666665395100914,14.266667683919273,,-63.519336668328435,0.20547414284372323,0.12853015864028844,0.07694398420343479,46.0783859834881,23.311310917967166,21.207999801635744,20.45349998474121,20.525400047302245,21.309700031280517,EUROLED.BO,2025-07-25 11:58:10.351495
19,2025-07-01 00:00:00+05:30,21.5,22.25,21.0,22.0,795,0.0,0.0,2025-07-01,20.483500003814697,0.8433594294430471,21.326859433257745,19.64014057437165,22.170218862700793,18.7967811449286,85.75915202434417,163.84336854172759,-6207,679.2233009708741,1152.8289113556157,21.875620415115538,91.75257906962783,21.75,22.5,21.25,23.0,20.5,23.75,20.0,,-22.279805035399594,0.3147114574161094,0.10929416258942971,0.2054172948266797,58.48588661553502,24.915535544336542,21.30799980163574,20.483500003814697,20.545000038146974,21.361400032043456,EUROLED.BO,2025-07-25 11:58:10.351495
20,2025-06-30 00:00:00+05:30,21.75,22.5,20.75,21.68000030517578,1686,0.0,0.0,2025-06-30,20.394999980926514,0.7650831596336712,21.160083140560186,19.62991682129284,21.925166300193855,18.864833661659173,97.65768197606984,166.51312522039362,-7002,1419.513806389374,1271.230313951801,21.875158441437556,91.70355608754392,21.643333435058594,22.536666870117188,20.786666870117188,23.393333435058594,19.893333435058594,24.286666870117188,19.036666870117188,,-30.569951258849898,0.24298174748272672,0.05793983888275979,0.18504190859996694,56.841517883591706,23.73577195775625,21.249999618530275,20.394999980926514,20.525000038146974,21.38510004043579,EUROLED.BO,2025-07-25 11:58:10.351495
21,2025-06-27 00:00:00+05:30,21.25,22.0,21.149999618530273,21.75,515,0.0,0.0,2025-06-27,20.298499965667723,0.7145203273275589,21.013020292995282,19.583979638340164,21.72754062032284,18.869459311012605,120.28955525362892,169.68046684691197,-5316,435.00000000000017,1234.1594408424078,21.87670789903582,90.2340880711136,21.633333206176758,22.116666793823242,21.266666412353516,22.483333587646484,20.78333282470703,22.96666717529297,20.41666603088379,,-27.00731010978159,0.17897956232369694,0.011679361732768057,0.16730020059092887,57.30256026275523,22.46525732605439,21.113999557495116,20.298499965667723,20.502600021362305,21.415800037384034,EUROLED.BO,2025-07-25 11:58:10.351495
22,2025-06-26 00:00:00+05:30,20.25,21.25,20.0,20.709999084472656,311,0.0,0.0,2025-06-26,20.185999965667726,0.6479876343291445,20.83398759999687,19.53801233133858,21.481975234326015,18.890024697009437,28.960650646191542,48.82138236979976,-5831,250.12853263188344,1433.9493010530095,21.87701593462857,91.05116039848977,20.65333302815755,21.306666056315102,20.056666056315102,21.90333302815755,19.40333302815755,22.556666056315102,18.806666056315102,,-52.31146488065847,0.08743164982946894,-0.030145688414964168,0.1175773382444331,51.92277153510971,21.429249658918216,20.76399955749512,20.185999965667726,20.497600021362306,21.4421000289917,EUROLED.BO,2025-07-25 11:58:10.351495
23,2025-06-25 00:00:00+05:30,21.5,22.0,20.260000228881836,20.399999618530273,1079,0.0,0.0,2025-06-25,20.125500011444093,0.6529563335844415,20.778456345028534,19.47254367785965,21.431412678612975,18.81958734427521,66.44911891057946,71.8060642647076,-6142,854.819401491036,1729.904493158291,21.878731730215005,78.93883601952813,20.886666615804035,21.513333002726235,19.77333323160807,22.6266663869222,19.14666684468587,23.2533327738444,18.033333460489906,,-59.854029841880354,0.07132219066788892,-0.059540022976072436,0.13086221364396136,50.18552018813793,20.86532008496471,20.611999893188475,20.125500011444093,20.513600044250488,21.46500003814697,EUROLED.BO,2025-07-25 11:58:10.351495
24,2025-06-24 00:00:00+05:30,20.899999618530273,22.860000610351562,20.899999618530273,21.709999084472656,5378,0.0,0.0,2025-06-24,20.069000053405762,0.6764213901766984,20.74542144358246,19.392578663229063,21.421842833759158,18.716157273052367,220.51660718284228,181.90962793242934,-5063,4534.22815830268,1948.6757660751045,21.886313314282116,78.21122519057919,21.823333104451496,22.74666659037272,20.78666559855143,23.783334096272785,19.863332112630207,24.706667582194008,18.82666460673014,,-27.980568250585662,0.08014681246795519,-0.09225557638706278,0.17240238885501796,58.47702643803116,19.887690384777688,20.53199996948242,20.069000053405762,20.529400062561034,21.48600004196167,EUROLED.BO,2025-07-25 11:58:10.351495
25,2025-06-23 00:00:00+05:30,19.600000381469727,21.299999237060547,19.5,21.0,541,0.0,0.0,2025-06-23,19.99600009918213,0.5585071897503842,20.554507288932513,19.437492909431747,21.1130144786829,18.87898571968136,102.46767410351659,37.882346128593376,-10441,441.20388349514593,1302.2876680182108,21.890937121062702,74.25380961222884,20.599999745686848,21.699999491373696,19.90000025431315,22.399998982747395,18.8000005086263,23.499998728434242,18.100001017252602,,-30.55555064982313,-0.038784442062166136,-0.13535617360081725,0.09657173153865112,54.711314572107064,17.874710864967458,20.09800033569336,19.99600009918213,20.49580009460449,21.508900051116942,EUROLED.BO,2025-07-25 11:58:10.351495
26,2025-06-20 00:00:00+05:30,20.0,20.0,20.0,20.0,5,0.0,0.0,2025-06-20,19.9810001373291,0.5335963631056113,20.514596500434713,19.44740377422349,21.048192863540322,18.91380741111788,2.5445464100789854,-35.81438365482277,-10982,3.8834951456310702,1517.558614148977,21.893293705765807,74.45136404015412,20.0,20.0,20.0,20.0,20.0,20.0,20.0,,-61.41975036101285,-0.12054069231460218,-0.15949910648548005,0.038958414170877864,48.616837646285916,16.81993847794281,20.09000015258789,19.9810001373291,20.519000091552734,21.552600059509277,EUROLED.BO,2025-07-25 11:58:10.351495
27,2025-06-19 00:00:00+05:30,19.5,20.0,19.010000228881836,19.950000762939453,325,0.0,0.0,2025-06-19,19.9935001373291,0.5369823787663908,20.53048251609549,19.45651775856271,21.06746489486188,18.91953537979632,-55.66362300069597,-79.06234463185324,-10987,251.79612613418738,1895.9773938998135,21.89333999045452,75.74699291293395,19.65333366394043,20.296667098999023,19.30666732788086,20.643333435058594,18.663333892822266,21.286666870117188,18.316667556762695,0.10683250355226098,-62.962936799056685,-0.12490224464817956,-0.16923871002819948,0.044336465380019924,48.29378388614922,17.062461134337887,20.072000122070314,19.9935001373291,20.55600009918213,21.605200061798097,EUROLED.BO,2025-07-25 11:58:10.351495
28,2025-06-18 00:00:00+05:30,19.850000381469727,20.0,19.260000228881836,20.0,182,0.0,0.0,2025-06-18,20.01900005340576,0.5468269997146711,20.565827053120433,19.47217305369109,21.112654052835104,18.92534605397642,-34.730217888794215,-70.76499427686224,-10662,141.35922330097094,2307.02271084122,21.89643293395626,75.12882073182124,19.753333409627277,20.24666659037272,19.506666819254555,20.49333318074544,19.013333638509113,20.986666361490883,18.76666704813639,0.09010301310676773,-61.41975036101285,-0.1236697277791805,-0.18032282637320446,0.056653098594023954,48.5773820361934,17.323639379686433,20.26599998474121,20.01900005340576,20.577800102233887,21.661000061035157,EUROLED.BO,2025-07-25 11:58:10.351495
29,2025-06-17 00:00:00+05:30,20.850000381469727,20.959999084472656,19.049999237060547,19.540000915527344,663,0.0,0.0,2025-06-17,20.083500099182128,0.6161532898857367,20.699653389067866,19.46734680929639,21.315806678953603,18.851193519410653,-24.140131821792085,-62.97866697681061,-10844,503.10759638814113,2848.4385827262818,21.898124683755203,76.20379486240603,19.849999745686848,20.65000025431315,18.74000040690104,21.759999593098957,17.93999989827474,22.560000101725258,16.83000055948893,0.09497300323081359,-75.61725397114134,-0.12514211622893257,-0.19448610102171043,0.06934398479277787,45.86143008266932,17.207907023934272,20.352000045776368,20.083500099182128,20.61540008544922,21.720900058746338,EUROLED.BO,2025-07-25 11:58:10.351495
30,2025-06-16 00:00:00+05:30,20.950000762939453,21.25,19.989999771118164,20.959999084472656,12455,0.0,0.0,2025-06-16,20.13100004196167,0.608621323176311,20.73962136513798,19.522378718785358,21.348242688314294,18.913757395609046,144.70938388221325,35.784976055538834,-10181,10138.127712509011,3434.771329310817,21.905812818701797,67.91298161942238,20.733332951863606,21.476666132609047,20.21666590372721,21.99333318074544,19.47333272298177,22.736666361490883,18.956665674845375,0.11466928844813533,-31.790146895289496,-0.07982818681534454,-0.2118220972199049,0.13199391040456035,54.04336701701397,17.083272179278097,20.341999816894532,20.13100004196167,20.64800006866455,21.78230005264282,EUROLED.BO,2025-07-25 11:58:10.351495
31,2025-06-13 00:00:00+05:30,19.5,21.989999771118164,19.25,19.90999984741211,5251,0.0,0.0,2025-06-13,20.107500076293945,0.58348205270714,20.690982129001085,19.524018023586805,21.274464181708225,18.940535970879665,110.32448427372312,-6.174764776182395,-22636,4060.093561116933,1758.932233511268,21.9675204491081,51.91018889207938,20.383333206176758,21.516666412353516,18.77666664123535,23.123332977294922,17.643333435058594,24.25666618347168,16.036666870117188,-0.027821979206319798,-64.19753304452306,-0.16045141220747894,-0.24482057482104494,0.084369162613566,47.627958619708245,15.371258054915938,20.147999954223632,20.107500076293945,20.664600105285643,21.81810007095337,EUROLED.BO,2025-07-25 11:58:10.351495
32,2025-06-12 00:00:00+05:30,19.5,20.969999313354492,19.0,20.920000076293945,1027,0.0,0.0,2025-06-12,20.12450008392334,0.5823769214202339,20.706877005343575,19.542123162503106,21.28925392676381,18.959746241082872,121.61081996911277,-17.63796467708369,-17385,834.3627214894715,1183.6419016098514,22.025715883980553,39.15108589509777,20.296666463216145,21.59333292643229,19.623333613077797,22.266665776570637,18.326667149861652,23.56333223978678,17.653334299723305,0.06420038369008092,-2.2522185822209275,-0.15783347421557536,-0.26591286547443643,0.10807939125886107,54.41253001131371,13.527550536372074,19.972000122070312,20.12450008392334,20.67480010986328,21.856000080108643,EUROLED.BO,2025-07-25 11:58:10.351495
33,2025-06-11 00:00:00+05:30,19.5,20.489999771118164,19.25,20.43000030517578,676,0.0,0.0,2025-06-11,20.10300006866455,0.5589284609062992,20.661928529570847,19.54407160775825,21.22085699047715,18.98514314685195,103.27259101652957,-45.4241854007646,-18412,536.337095390246,1270.9616966399462,22.03186660184223,43.66631294645581,20.05666669209798,20.86333338419596,19.623333613077797,21.296666463216145,18.816666920979817,22.103333155314125,18.383333841959633,0.014723644664411043,-47.50000298023153,-0.25156002350649587,-0.2929327132891517,0.04137268978265585,51.286448750596776,12.440766038410816,19.728000259399415,20.10300006866455,20.663600120544434,21.894100074768065,EUROLED.BO,2025-07-25 11:58:10.351495
34,2025-06-10 00:00:00+05:30,19.5,20.25,18.75,19.489999771118164,322,0.0,0.0,2025-06-10,20.13100004196167,0.5893698155966521,20.72036985755832,19.54163022636502,21.309739673154976,18.952260410768364,-53.74796410358695,-107.72784417345318,-19088,243.71960878835154,1454.617846952371,22.037753382978998,37.85455386942187,19.496666590372723,20.243333180745445,18.743333180745445,20.996666590372723,17.996666590372723,21.743333180745445,17.243333180745445,-0.01023901204659182,-76.875012665984,-0.31948933985964345,-0.3032758857348156,-0.01621345412482783,44.5079657986588,11.781797691328805,19.74200019836426,20.13100004196167,20.71100009918213,21.929400062561037,EUROLED.BO,2025-07-25 11:58:10.351495
35,2025-06-09 00:00:00+05:30,19.5,19.989999771118164,19.0,19.989999771118164,3343,0.0,0.0,2025-06-09,20.21900005340576,0.6192600988181611,20.83826015222392,19.5997399545876,21.457520251042084,18.98047985576944,-10.746285170784203,-96.65252621839105,-18766,2595.2065722271086,1757.342406493376,22.042221032783598,43.089007346191934,19.65999984741211,20.31999969482422,19.329999923706055,20.649999618530273,18.670000076293945,21.309999465942383,18.34000015258789,-0.002892262330375718,-63.80953880304473,-0.3090428916870209,-0.2992225222036087,-0.00982036948341225,47.79271233001338,11.342958151933534,19.89000015258789,20.21900005340576,20.76820011138916,21.983700065612794,EUROLED.BO,2025-07-25 11:58:10.351495
36,2025-06-06 00:00:00+05:30,20.0,20.5,19.0,19.030000686645508,5460,0.0,0.0,2025-06-06,20.257000064849855,0.6277284916928884,20.884728556542743,19.629271573156966,21.512457048235632,19.001543081464078,-57.11407462287261,-118.32487206266097,-22109,4035.0991747217286,1547.8763650599428,22.08027551200653,35.27798547154305,19.510000228881836,20.020000457763672,18.520000457763672,21.010000228881836,18.010000228881836,21.520000457763672,17.020000457763672,-0.13228541695653376,-94.28570390558441,-0.34022822862226576,-0.2967674298327556,-0.04346079878951015,39.88263772777258,11.168292593136341,19.842000198364257,20.257000064849855,20.812800102233886,22.04050006866455,EUROLED.BO,2025-07-25 11:58:10.351495
37,2025-06-05 00:00:00+05:30,19.110000610351562,19.989999771118164,19.110000610351562,19.700000762939453,1507,0.0,0.0,2025-06-05,20.34050006866455,0.5637326381049448,20.904232706769495,19.776767430559605,21.46796534487444,19.21303479245466,-51.67430660982212,-114.62613894305336,-16649,1152.9281999902823,926.0706626444962,22.17554044022805,46.13545027343248,19.600000381469727,20.09000015258789,19.21000099182129,20.479999542236328,18.720001220703125,20.969999313354492,18.330001831054688,0.07461926641364953,-73.01585763790284,-0.2804545724606555,-0.2859022301353781,0.00544765767472255,44.22511224694851,10.98019122212398,19.936000061035156,20.34050006866455,20.88940010070801,22.106100063323975,EUROLED.BO,2025-07-25 11:58:10.351495
38,2025-06-04 00:00:00+05:30,20.0,20.5,19.600000381469727,20.5,31,0.0,0.0,2025-06-04,20.36850004196167,0.5438002802649424,20.912300322226614,19.824699761696728,21.456100602491556,19.280899481431785,40.7237300747075,-54.84868664749163,-15142,24.679611650485448,869.3562783080497,22.19706550596736,45.90503165859584,20.200000127156574,20.799999872843422,19.90000025431315,21.099999745686848,19.3000005086263,21.699999491373696,19.000000635782875,0.08652812104911557,-47.61905338578644,-0.26566172363935436,-0.28726414455405874,0.02160242091470438,50.29703583422962,11.350664830944641,19.895999908447266,20.36850004196167,20.933400077819826,22.157900047302245,EUROLED.BO,2025-07-25 11:58:10.351495
39,2025-06-03 00:00:00+05:30,19.5,20.25,19.5,20.229999542236328,806,0.0,0.0,2025-06-03,20.305500030517578,0.5980449175613839,20.903544948078963,19.707455112956193,21.501589865640344,19.109410195394812,-9.285345218358042,-81.34500571967574,-15173,633.2186264482519,1080.5254449724407,22.197369104263142,44.30356750543585,19.99333318074544,20.486666361490883,19.736666361490883,20.74333318074544,19.24333318074544,21.236666361490883,18.986666361490883,0.08138352797157106,-56.19049752740982,-0.3214850204856319,-0.2926647497827348,-0.028820270702897055,48.06228404130951,11.068978185057881,19.65,20.305500030517578,20.95820007324219,22.19090003967285,EUROLED.BO,2025-07-25 11:58:10.351495
40,2025-06-02 00:00:00+05:30,19.25,20.200000762939453,19.0,19.75,1766,0.0,0.0,2025-06-02,20.27800006866455,0.6141284526029187,20.89212852126747,19.66387161606163,21.506256973870386,19.049743163458714,-59.62503549024646,-125.11493608226648,-15979,1354.5048543689327,1192.3521496034878,22.20656268647891,43.09432578486989,19.650000254313152,20.300000508626304,19.09999974568685,20.850001017252605,18.4499994913737,21.500001271565758,17.899998982747398,0.02537837948750455,-74.28572518484933,-0.36149381726685803,-0.28545968210701056,-0.07603413515984747,43.89822999332423,11.034382007373608,19.654000091552735,20.27800006866455,20.99020008087158,22.228400039672852,EUROLED.BO,2025-07-25 11:58:10.351495
41,2025-05-30 00:00:00+05:30,19.5,19.5,19.260000228881836,19.5,618,0.0,0.0,2025-05-30,20.365500068664552,0.6580391977329192,21.02353926639747,19.707460870931634,21.68157846413039,19.049421673198715,-108.07718787334605,-160.71736748292628,-17745,468.0000000000002,1151.8139734121264,22.23197545354599,36.93432765581565,19.420000076293945,19.579999923706055,19.34000015258789,19.65999984741211,19.18000030517578,19.81999969482422,19.100000381469727,0.027356340948394047,-81.42858232770648,-0.3599673397852037,-0.26645114831704864,-0.09351619146815504,41.63515505640431,11.049487806194858,19.844000244140624,20.365500068664552,21.037400093078613,22.290500030517578,EUROLED.BO,2025-07-25 11:58:10.351495
42,2025-05-29 00:00:00+05:30,19.5,19.5,19.399999618530273,19.5,1005,0.0,0.0,2025-05-29,20.46900005340576,0.6772537491119826,21.146253802517744,19.791746304293778,21.823507551629724,19.114492555181798,-137.60122380959777,-170.2581471331872,-17127,761.0679611650489,1322.767466765158,22.241901440966497,39.86949050956061,19.46666653951009,19.533333460489906,19.43333307902018,19.566666920979817,19.366666158040363,19.633333841959633,19.333332697550453,0.04963940561747047,-81.42858232770648,-0.32793772331573123,-0.24307210045000988,-0.08486562286572136,41.63515505640431,11.827958066362717,19.994000244140626,20.46900005340576,21.09100009918213,22.361500034332277,EUROLED.BO,2025-07-25 11:58:10.351495
43,2025-05-28 00:00:00+05:30,20.25,20.25,18.850000381469727,19.270000457763672,5093,0.0,0.0,2025-05-28,20.59050006866455,0.7113773049903903,21.30187737365494,19.87912276367416,22.013254678645332,19.16774545868377,-177.4908610154598,-183.35239388711173,-18132,3811.3441682093367,1463.192343165185,22.25819815247026,38.196453586602175,19.456666946411133,20.06333351135254,18.663333892822266,20.856666564941406,18.05666732788086,21.463333129882812,17.263334274291992,0.01031563213647254,-87.999997820173,-0.28196135490685137,-0.22185569473357955,-0.06010566017327182,39.705780670807655,12.502701326635588,20.186000061035156,20.59050006866455,21.140600090026854,22.435500030517577,EUROLED.BO,2025-07-25 11:58:10.351495
44,2025-05-27 00:00:00+05:30,20.0,20.25,19.5,20.25,213,0.0,0.0,2025-05-27,20.69950008392334,0.6638205958331681,21.36332067975651,20.03567948809017,22.027141275589678,19.371858892257002,-108.53028804251323,-124.61169268555011,-13039,167.50485436893211,876.1543869041471,22.350997965022568,57.25191530662005,20.0,20.5,19.75,20.75,19.25,21.25,19.0,0.14126193029488376,-54.83029825853588,-0.1961740593008905,-0.20682927969026157,0.010655220389371084,45.68037447596244,13.229347914621757,20.59000015258789,20.69950008392334,21.185000076293946,22.499800033569336,EUROLED.BO,2025-07-25 11:58:10.351495
45,2025-05-26 00:00:00+05:30,20.25,20.75,19.899999618530273,20.700000762939453,405,0.0,0.0,2025-05-26,20.76800012588501,0.6853321932003035,21.453332319085312,20.082667932684707,22.138664512285615,19.397335739484404,-35.88580930727033,-74.02478267635475,-12826,325.57282753361096,1053.3167700379508,22.353730298868058,54.411314606173875,20.450000127156574,21.000000635782875,20.15000025431315,21.3000005086263,19.599999745686848,21.850001017252602,19.299999872843422,0.15051102128031862,-42.857128702423424,-0.17988309697561533,-0.2094930847876043,0.02960998781198898,48.81210154197177,13.28149300732204,20.638000106811525,20.76800012588501,21.22980007171631,22.554800033569336,EUROLED.BO,2025-07-25 11:58:10.351495
46,2025-05-23 00:00:00+05:30,21.950000762939453,21.950000762939453,19.5,20.25,2717,0.0,0.0,2025-05-23,20.771000099182128,0.6851501630988569,21.456150262280985,20.08584993608327,22.141300425379843,19.400699772984414,-22.894945086884285,-62.89148764199082,-13231,2136.669902912622,1235.2527556640357,22.357829726958883,51.93297970253031,20.566666920979817,21.633333841959633,19.18333307902018,23.01666768391927,18.116666158040363,24.083334604899086,16.733332316080727,0.12704722226512785,-54.54545904922891,-0.2006184840308407,-0.21689558174060156,0.01627709770976085,45.331907258065286,12.856492403455537,20.595999908447265,20.771000099182128,21.27020004272461,,EUROLED.BO,2025-07-25 11:58:10.351495
47,2025-05-22 00:00:00+05:30,20.75,21.0,20.020000457763672,20.459999084472656,2451,0.0,0.0,2025-05-22,20.78750009536743,0.675853423072411,21.463353518439842,20.11164667229502,22.139206941512253,19.43579324922261,-40.00003473545531,-76.69465422033967,-10514,1947.4740876133008,1009.8984688518892,22.39347582478007,37.655341931021496,20.49333318074544,20.96666590372721,19.986666361490883,21.47333272298177,19.513333638509113,21.94666544596354,19.006666819254555,0.14872266180059612,-49.090937915065034,-0.1798081319555287,-0.22096485616804173,0.04115672421251304,46.7080060545554,12.398799445445459,20.595999908447265,20.78750009536743,21.305400047302246,,EUROLED.BO,2025-07-25 11:58:10.351495
48,2025-05-21 00:00:00+05:30,20.5,22.0,20.0,21.290000915527344,1993,0.0,0.0,2025-05-21,20.839500141143798,0.6892061889496928,21.52870633009349,20.150293952194104,22.217912519043182,19.461087763244414,74.04504409119554,-3.717387023731509,-8063,1647.804731054214,775.5045641615363,22.423429187634063,37.888908372562035,21.09666697184245,22.193333943684898,20.193333943684898,23.09666697184245,19.09666697184245,24.193333943684898,18.193333943684898,0.1968226768729809,-27.532450932842014,-0.1711219375123889,-0.23125403722117,0.060132099708781084,52.56411419352697,12.70799122887849,20.602000045776368,20.839500141143798,21.32580005645752,,EUROLED.BO,2025-07-25 11:58:10.351495
49,2025-05-20 00:00:00+05:30,20.5,20.5,19.75,20.489999771118164,632,0.0,0.0,2025-05-20,20.819000053405762,0.6811515944482907,21.500151647854054,20.13784845895747,22.181303242302345,19.45669686450918,-25.01079514975785,-112.75255672030337,-10056,502.9001885571528,557.4295224383668,22.437889253351898,25.442599840618755,20.246666590372723,20.743333180745445,19.993333180745445,20.996666590372723,19.496666590372723,21.493333180745445,19.243333180745445,0.11457970207126272,-48.311699378105324,-0.23915082438963253,-0.24628706214836527,0.007136237758732733,46.56836535379195,13.040966995652523,20.54199981689453,20.819000053405762,21.33940002441406,,EUROLED.BO,2025-07-25 11:58:10.351495
50,2025-05-19 00:00:00+05:30,19.75,20.5,19.75,20.489999771118164,261,0.0,0.0,2025-05-19,20.844500064849854,0.6777244115039194,21.522224476353774,20.166775653345933,22.199948887857694,19.489051241842013,-22.361828230615778,-120.76499058774375,-9424,207.68504622376088,571.0618559086703,22.445801701469158,23.65537311786295,20.246666590372723,20.743333180745445,19.993333180745445,20.996666590372723,19.496666590372723,21.493333180745445,19.243333180745445,0.07087810218272687,-48.311699378105324,-0.24383692557262648,-0.24807112158804842,0.004234196015421937,46.56836535379195,13.19534641300403,20.6939998626709,20.844500064849854,21.37860004425049,,EUROLED.BO,2025-07-25 11:58:10.351495
51,2025-05-16 00:00:00+05:30,21.0,21.0,19.1200008392334,20.25,1562,0.0,0.0,2025-05-16,20.848000049591064,0.6759757982150663,21.52397584780613,20.172024251375998,22.199951646021198,19.49604845316093,-46.62811131614916,-145.39908082036874,-9685,1228.3689320388353,661.9060583298975,22.449088128662602,26.114068894922497,20.1233336130778,21.126666386922203,19.2466672261556,22.003332773844402,18.2433344523112,23.006665547688804,17.366668065389,-0.052559088016300465,-54.54545904922891,-0.2461420562452119,-0.24912967059190388,0.0029876143466919802,44.76234113989609,13.361601170151806,20.745999908447267,20.848000049591064,21.397800064086915,,EUROLED.BO,2025-07-25 11:58:10.351495
52,2025-05-15 00:00:00+05:30,21.5,21.5,20.479999542236328,20.489999771118164,621,0.0,0.0,2025-05-15,20.910500049591064,0.6755620346948454,21.58606208428591,20.23493801489622,22.261624118980755,19.559375980201374,21.061277591018964,-61.03055196628546,-8123,494.1471789461896,520.290339902663,22.47142754488738,33.253171488667746,20.823333104451496,21.166666666666664,20.146666208902992,21.843333562215168,19.803332646687824,22.186667124430336,19.12666575113932,-0.06852588662680621,-48.311699378105324,-0.22172755584097104,-0.24987657417857687,0.02814901833760583,46.21279066327665,13.540644754772487,20.836000061035158,20.910500049591064,21.438800048828124,,EUROLED.BO,2025-07-25 11:58:10.351495
53,2025-05-14 00:00:00+05:30,22.350000381469727,22.350000381469727,20.5,20.989999771118164,366,0.0,0.0,2025-05-14,20.961500072479247,0.6806288549562366,21.642128927435483,20.28087121752301,22.32275778239172,19.600242362566775,59.29009067694833,-3.7832046791438136,-7502,298.3432977176408,526.8261301417814,22.47946235341483,29.523781764164966,21.28000005086263,22.060000101725258,20.20999972025553,23.130000432332356,19.429999669392902,23.910000483194985,18.359999338785805,-0.0274449608945004,-35.32468767788502,-0.21074642966321733,-0.2569138287629783,0.046167399099760975,49.303374668398064,14.187019176252575,20.79000015258789,20.961500072479247,21.484800071716307,,EUROLED.BO,2025-07-25 11:58:10.351495
54,2025-05-13 00:00:00+05:30,20.75,21.25,20.25,21.25,225,0.0,0.0,2025-05-13,20.97150011062622,0.6825361890787961,21.654036299705016,20.288963921547424,22.336572488783812,19.606427732468628,22.05139100512545,-52.09816739685982,-7136,185.67961165048547,583.9468382478165,22.483030605660737,30.821953925677235,20.916666666666668,21.583333333333336,20.583333333333336,21.916666666666668,19.916666666666668,22.583333333333336,19.583333333333336,0.0298656998331275,-21.428571428571427,-0.2427365570619564,-0.2684556785379186,0.02571912147596217,50.94861520734941,14.86298922167914,20.440000152587892,20.97150011062622,21.524000091552736,,EUROLED.BO,2025-07-25 11:58:10.351495
55,2025-05-12 00:00:00+05:30,20.75,22.0,20.5,20.75,441,0.0,0.0,2025-05-12,20.910500144958498,0.7102889108031087,21.620789055761605,20.20021123415539,22.331077966564713,19.489922323352282,33.18342398503546,-33.98742112316721,-7361,355.368932038835,683.5136448971492,22.484849222951176,41.4414020820546,21.083333333333332,21.666666666666664,20.166666666666664,22.583333333333332,19.583333333333332,23.166666666666664,18.666666666666664,-0.09908435336771211,-43.75,-0.3056218706356475,-0.2748854589069091,-0.030736411728738422,47.840492085918264,15.362190269614594,20.126000213623048,20.910500144958498,21.554200096130373,,EUROLED.BO,2025-07-25 11:58:10.351495
56,2025-05-09 00:00:00+05:30,20.700000762939453,20.75,20.56999969482422,20.700000762939453,487,0.0,0.0,2025-05-09,20.9810001373291,0.7616388365955663,21.742638973924667,20.219361300733535,22.504277810520232,19.45772246413797,-6.55587299678087,-85.76955805908955,-7802,391.49127656510734,765.5498231117277,22.48987892847561,30.98670593103705,20.673333485921223,20.776667277018227,20.596666971842446,20.853333791097004,20.49333318074544,20.956667582194008,20.416666666666664,-0.08875541932397851,-49.999978325581836,-0.3322610695196033,-0.26720135597472444,-0.06505971354487888,47.53177645571581,16.123211196688434,20.276000213623046,20.9810001373291,21.576200103759767,,EUROLED.BO,2025-07-25 11:58:10.351495
57,2025-05-08 00:00:00+05:30,18.520000457763672,20.5,18.520000457763672,20.260000228881836,983,0.0,0.0,2025-05-08,21.038500118255616,0.7824340042988792,21.820934122554494,20.256066113956738,22.603368126853375,19.473632109657856,-104.75382067786084,-195.87593845695943,-8289,773.4205912617804,859.0644597483827,22.495627862783834,41.638454346207546,19.760000228881836,21.0,19.020000457763672,21.739999771118164,17.780000686645508,22.979999542236328,17.040000915527344,-0.10071386568353775,-64.08162518572323,-0.35640889066022297,-0.2509364275885047,-0.10547246307171826,44.865233003156156,15.542704851036888,20.45,21.038500118255616,21.603400077819824,,EUROLED.BO,2025-07-25 11:58:10.351495
58,2025-05-07 00:00:00+05:30,20.0,20.0,18.5,19.239999771118164,931,0.0,0.0,2025-05-07,21.07750015258789,0.7607259888339168,21.838226141421806,20.316774163753976,22.598952130255725,19.556048174920058,-210.45735070176548,-271.0032129206744,-9272,695.628729588777,880.4754268700333,22.510216431318923,38.49752796604264,19.246666590372723,19.993333180745445,18.493333180745445,20.746666590372723,17.746666590372723,21.493333180745445,16.993333180745445,-0.13758058024956002,-84.89796267902317,-0.3385918986048857,-0.22456831182057513,-0.11402358678431057,38.092597566165914,14.602566357257723,20.78400001525879,21.07750015258789,21.61460006713867,,EUROLED.BO,2025-07-25 11:58:10.351495
59,2025-05-06 00:00:00+05:30,20.75,21.5,19.100000381469727,19.68000030517578,1066,0.0,0.0,2025-05-06,21.209500122070313,0.6454086318400251,21.854908753910337,20.56409149023029,22.500317385750364,19.918682858390262,-215.94632153422978,-188.27669291190384,-8341,814.7137990414517,926.6871011903473,22.53055302905618,41.747516366961435,20.093333562215168,21.08666674296061,18.686667124430336,22.49333318074544,17.693333943684895,23.486666361490883,16.286667505900063,-0.13742111658235973,-84.73803714246984,-0.21019597886633434,-0.19606241512449743,-0.014133563741836913,40.06389972098906,12.946187928525028,21.226000213623045,21.209500122070313,21.616200065612794,,EUROLED.BO,2025-07-25 11:58:10.351495
60,2025-05-05 00:00:00+05:30,21.010000228881836,21.75,20.549999237060547,21.5,792,0.0,0.0,2025-05-05,21.28400011062622,0.5363462813508072,21.820346391977026,20.747653829275414,22.356692673327835,20.211307547924605,26.285501757619624,-44.358790746881155,-7275,661.2815533980581,954.6804267275711,22.55099589689157,50.71123804631562,21.266666412353516,21.983333587646484,20.78333282470703,22.46666717529297,20.066665649414062,23.183334350585938,19.583332061767578,-0.15311885081583007,-43.280179560171426,-0.08595889211785845,-0.1925290241890382,0.10657013207117974,50.00287503846742,11.54929926103648,21.61400032043457,21.28400011062622,21.639400062561034,,EUROLED.BO,2025-07-25 11:58:10.351495
61,2025-05-02 00:00:00+05:30,21.489999771118164,21.93000030517578,20.399999618530273,21.56999969482422,2286,0.0,0.0,2025-05-02,21.29850015640259,0.5463204752879753,21.844820631690563,20.752179681114615,22.39114110697854,20.205859205826638,34.35963750844801,-40.09173888226167,-6483,1914.9133709657535,1028.0301450599493,22.556625813160913,37.7121085672573,21.299999872843426,22.200000127156578,20.66999944051107,22.830000559488933,19.769999186197918,23.730000813802086,19.139998753865562,-0.17113223470815225,-41.68565326048043,-0.10483776020866031,-0.2191715572068331,0.11433379699817278,50.44985731473952,11.182629040776964,21.466000366210938,21.29850015640259,21.629800071716307,,EUROLED.BO,2025-07-25 11:58:10.351495
62,2025-04-30 00:00:00+05:30,21.0,21.940000534057617,21.0,21.93000030517578,31,0.0,0.0,2025-04-30,21.241000175476074,0.5759559836944536,21.816956159170527,20.66504419178162,22.392912142864983,20.089088208087166,152.54640414574482,1.3248087057887412,-4197,26.401165415939772,806.3093385834982,22.572120109911626,41.31777948867374,21.6233336130778,22.2466672261556,21.306666692097984,22.563334147135418,20.683333079020183,23.18666776021322,20.366666158040367,-0.24585995020741153,-34.82142020853113,-0.1343138906605006,-0.24775500645637627,0.11344111579587568,52.69954358730102,10.787753418959024,21.268000411987305,21.241000175476074,21.691000061035155,,EUROLED.BO,2025-07-25 11:58:10.351495
63,2025-04-29 00:00:00+05:30,21.0,21.75,20.299999237060547,21.450000762939453,737,0.0,0.0,2025-04-29,21.162500190734864,0.5840410363579566,21.74654122709282,20.578459154376908,22.330582263450776,19.994418118018952,8.196752066894085,-60.35999836202372,-4228,613.9281771761698,1001.2863818753877,22.572256886980536,41.79428466849232,21.166666666666668,22.03333409627279,20.583333333333336,22.61666742960612,19.716665903727215,23.483334859212242,19.133332570393883,-0.23210955938362504,-45.535696799655994,-0.2054718164151339,-0.2761152854053452,0.07064346899021129,49.935492825056386,10.89644923568863,21.182000350952148,21.162500190734864,21.723800048828124,,EUROLED.BO,2025-07-25 11:58:10.351495
64,2025-04-28 00:00:00+05:30,20.760000228881836,21.739999771118164,20.760000228881836,21.6200008392334,593,0.0,0.0,2025-04-28,21.23000011444092,0.6878110383308134,21.917811152771733,20.542189076110105,22.605622191102547,19.85437803777929,90.3290528004177,-37.234070100461636,-3491,497.88972806467586,1098.125933050192,22.577969040985234,39.519765526820834,21.3733336130778,21.986666997273765,21.006667455037437,22.35333315531413,20.393334070841473,22.966666539510094,20.02666791280111,-0.24772043801777452,-41.741051851788775,-0.24618963285930207,-0.29377615265289797,0.047586519793595905,50.91394690675331,10.803169703814214,21.068000030517577,21.23000011444092,21.75680004119873,,EUROLED.BO,2025-07-25 11:58:10.351495
65,2025-04-25 00:00:00+05:30,21.25,21.5,20.299999237060547,20.760000228881836,426,0.0,0.0,2025-04-25,21.266500091552736,0.7278031663765603,21.994303257929296,20.538696925176176,22.722106424305856,19.810893758799615,-53.82720207700396,-104.85290794059782,-4084,343.44699407781206,1248.1849842965712,22.58190842646441,38.64697359300918,20.85333315531413,21.40666707356771,20.206666310628258,22.053333918253582,19.653332392374676,22.606667836507164,19.006665547688804,-0.25605843752963187,-60.93749600861713,-0.31133306244390013,-0.30567278260129693,-0.0056602798426032,45.937844458144326,11.105323005052755,20.9439998626709,21.266500091552736,21.84280002593994,,EUROLED.BO,2025-07-25 11:58:10.351495
66,2025-04-24 00:00:00+05:30,21.5,21.75,20.079999923706055,20.579999923706055,1878,0.0,0.0,2025-04-24,21.33950004577637,0.7472859777933621,22.08678602356973,20.592214067983008,22.834072001363094,19.844928090189644,-82.26442508280101,-117.60949258859841,-4510,1500.9413536590278,1474.3694818512608,22.587306560338646,31.898555117056716,20.803333282470703,21.52666664123535,19.856666564941406,22.47333335876465,19.133333206176758,23.196666717529297,18.18666648864746,-0.22983904259064866,-64.9553603739766,-0.3053221953252532,-0.3042577126406461,-0.001064482684607071,44.85127869152842,11.186490215362618,20.903999710083006,21.33950004577637,21.923600006103516,,EUROLED.BO,2025-07-25 11:58:10.351495
67,2025-04-23 00:00:00+05:30,21.25,21.75,20.760000228881836,21.5,570,0.0,0.0,2025-04-23,21.453500080108643,0.7975439830939699,22.251044063202613,20.655956097014673,23.048588046296583,19.858412113920703,18.321556974081194,-55.766582797517174,-2632,475.9223300970873,1467.7265138993191,22.613872605889007,34.58781839970503,21.336666742960613,21.91333325703939,20.923333485921226,22.326666514078777,20.34666697184245,22.903333028157554,19.933333714803062,-0.21033246430223967,-49.89939406173593,-0.27527306728747547,-0.3039915919694943,0.028718524682018853,49.58067531504663,11.273901057234777,21.087999725341795,21.453500080108643,22.006599998474123,,EUROLED.BO,2025-07-25 11:58:10.351495
68,2025-04-22 00:00:00+05:30,21.25,22.5,20.25,20.8799991607666,1873,0.0,0.0,2025-04-22,21.473500061035157,0.8037625763913548,22.27726263742651,20.669737484643804,23.081025213817867,19.865974908252447,-8.085485302030767,-71.95402822579943,-3202,1518.7665408977027,1715.677559849877,22.618364981077267,37.63684481814502,21.209999720255535,22.16999944051107,19.91999944051107,23.459999720255535,18.959999720255535,24.41999944051107,17.66999944051107,-0.23130268511597757,-62.37426176579061,-0.3232363416727928,-0.311171223139999,-0.012065118532793795,46.01867786758117,11.90950122137916,21.089999771118165,21.473500061035157,22.09400001525879,,EUROLED.BO,2025-07-25 11:58:10.351495
69,2025-04-21 00:00:00+05:30,19.56999969482422,22.899999618530273,19.010000228881836,21.0,3396,0.0,0.0,2025-04-21,21.516500091552736,0.793276019836415,22.30977611138915,20.72322407171632,23.103052131225567,19.929948051879904,-63.67577289857007,-101.95572796772682,-1329,2769.5533980582522,1764.9053145879204,22.641712386954648,30.020334083128148,20.96999994913737,22.929999669392906,19.04000027974447,24.85999933878581,17.080000559488933,26.819999059041344,15.150000890096031,-0.21263580366736679,-59.959757624694376,-0.3186856581708142,-0.30815494350680056,-0.010530714664013618,46.61049173498583,12.593993705842339,21.15200004577637,21.516500091552736,22.17780002593994,,EUROLED.BO,2025-07-25 11:58:10.351495
70,2025-04-17 00:00:00+05:30,21.5,23.399999618530273,20.049999237060547,20.559999465942383,3332,0.0,0.0,2025-04-17,21.558000087738037,0.7865151263584107,22.344515214096447,20.771484961379628,23.13103034045486,19.984969835021214,-1.624810223823611,-57.6757064389691,-4725,2660.4240085638844,1513.7432937203373,22.682688531963855,38.527168469626034,21.336666107177734,22.623332977294922,19.273332595825195,24.68666648864746,17.986665725708008,25.97333335876465,15.923332214355469,-0.23897440322521457,-70.86777266611863,-0.31984909818488916,-0.30552226484079714,-0.014326833344092016,44.16571793000496,13.331139458341147,20.95800018310547,21.558000087738037,22.24520004272461,,EUROLED.BO,2025-07-25 11:58:10.351495
71,2025-04-16 00:00:00+05:30,21.25,21.5,20.5,21.5,58,0.0,0.0,2025-04-16,21.635500144958495,0.7588803731501855,22.39438051810868,20.87661977180831,23.153260891258867,20.117739398658124,-40.968043084656756,-83.49347554289999,-1393,48.42718446601942,1227.0731150094505,22.73597605743292,29.117725645454428,21.166666666666668,21.833333333333336,20.833333333333336,22.166666666666668,20.166666666666668,22.833333333333336,19.833333333333336,-0.174657145361712,-49.89979730119712,-0.27315906957322156,-0.30194055650477414,0.02878148693155258,48.578554507629434,13.797537761915509,21.278000259399413,21.635500144958495,22.32900005340576,,EUROLED.BO,2025-07-25 11:58:10.351495
72,2025-04-15 00:00:00+05:30,21.690000534057617,21.690000534057617,20.549999237060547,21.510000228881836,386,0.0,0.0,2025-04-15,21.669500160217286,0.7676721171225055,22.43717227733979,20.90182804309478,23.204844394462295,20.134155925972276,-29.04469165706003,-77.46502630812198,-1335,322.4411684795491,1521.7345976453082,22.736516391125523,27.675737071429538,21.25,21.950000762939453,20.809999465942383,22.39000129699707,20.10999870300293,23.090002059936523,19.669998168945312,-0.1780271276926167,-49.699391903591355,-0.3018187208476988,-0.3091359282376622,0.007317207389963443,48.626549227808276,13.854348529758367,21.34800033569336,21.669500160217286,22.386600036621093,,EUROLED.BO,2025-07-25 11:58:10.351495
73,2025-04-11 00:00:00+05:30,20.5,21.5,20.25,21.190000534057617,2135,0.0,0.0,2025-04-11,21.69300012588501,0.7697235928753615,22.462723718760373,20.92327653300965,23.232447311635735,20.153552940134286,-50.543097322460156,-110.5238808646901,-1721,1756.918490882059,1821.5579549367478,22.74009529454334,27.959554651306746,20.980000178019207,21.710000356038414,20.460000356038414,22.230000178019207,19.730000178019207,22.960000356038414,19.210000356038414,-0.18745205119022795,-56.11221173329073,-0.33492361932614756,-0.3109652300851531,-0.02395838924099447,47.072755163279695,13.951544202522491,21.25400047302246,21.69300012588501,22.416400032043455,,EUROLED.BO,2025-07-25 11:58:10.351495
74,2025-04-09 00:00:00+05:30,22.0,22.0,19.299999237060547,20.030000686645508,7414,0.0,0.0,2025-04-09,21.708000087738036,0.7622927451443767,22.47029283288241,20.94570734259366,23.23258557802679,20.183414597449282,-131.8208287875384,-169.91243927594053,-3856,5767.084469545235,1837.7178209504198,22.765523280049578,23.44573843471109,20.44333330790202,21.586667378743492,18.88666661580404,23.143334070841473,17.743332544962566,24.286668141682945,16.186665852864586,-0.24689656770997173,-79.35870272766157,-0.34071819941320314,-0.30497563277490447,-0.03574256663829867,41.07363288135764,13.888452520589475,21.392000198364258,21.708000087738036,22.442600021362306,,EUROLED.BO,2025-07-25 11:58:10.351495
75,2025-04-08 00:00:00+05:30,19.579999923706055,23.489999771118164,19.579999923706055,22.15999984741211,130,0.0,0.0,2025-04-08,21.83100004196167,0.6701914925348085,22.501191534496478,21.16080854942686,23.171383027031286,20.490617056892052,19.93547258042203,-43.551107974075244,3558,111.87572738499317,855.3761588017159,22.930765462518437,32.9182555067017,21.74333318074544,23.90666643778483,19.99666659037272,25.65333302815755,17.833333333333332,27.816666285196938,16.08666674296061,-0.15179195654725725,-36.67334684658686,-0.22873221168235602,-0.29603999111532975,0.06730777943297372,50.91319325457689,13.82050763235392,21.620000076293945,21.83100004196167,22.522000007629394,,EUROLED.BO,2025-07-25 11:58:10.351495
76,2025-04-07 00:00:00+05:30,22.959999084472656,22.959999084472656,21.5,21.850000381469727,208,0.0,0.0,2025-04-07,21.85900001525879,0.6958665540216141,22.554866569280403,21.163133461237177,23.25073312330202,20.46726690721556,70.37996059791554,-14.821706477235153,3428,176.4970904600273,1041.2512666558964,22.93158271069523,32.84921191984708,22.10333315531413,22.706666310628258,21.2466672261556,23.563332239786785,20.643334070841473,24.166665395100914,19.786668141682945,-0.15169088087714402,-42.88576127868047,-0.29166321728908784,-0.3128669359735732,0.02120371868448534,49.27083577743806,13.912775075120665,21.546000289916993,21.85900001525879,22.58620002746582,,EUROLED.BO,2025-07-25 11:58:10.351495
77,2025-04-04 00:00:00+05:30,22.700000762939453,22.700000762939453,20.010000228881836,21.040000915527344,2044,0.0,0.0,2025-04-04,21.867000007629393,0.6966768877531798,22.563676895382574,21.170323119876212,23.260353783135752,20.473646232123034,-52.56617055939929,-86.39082172608471,3220,1670.1266746150634,1257.4398107048637,22.933420723771253,30.579026829031022,21.25000063578288,22.49000104268392,19.800000508626304,23.940001169840496,18.56000010172526,25.18000157674154,17.109999974568687,-0.1564534753252921,-59.11821625053465,-0.33728458437778386,-0.31816786564469446,-0.0191167187330894,44.788873900582125,14.667101409109312,21.260000228881836,21.867000007629393,22.654400024414063,,EUROLED.BO,2025-07-25 11:58:10.351495
78,2025-04-03 00:00:00+05:30,22.700000762939453,22.700000762939453,20.200000762939453,21.8799991607666,250,0.0,0.0,2025-04-03,21.888999938964844,0.6758221875674735,22.564822126532317,21.21317775139737,23.24064431409979,20.537355563829898,-17.585808208393342,-60.96208675421698,5264,212.42717631812226,1154.2680947273136,22.96557711315632,38.106885703450736,21.593333562215168,22.986666361490883,20.486666361490883,24.093333562215168,19.093333562215168,25.486666361490883,17.986666361490883,-0.14343960725265775,-42.28458330928443,-0.3108107117412935,-0.3133886859614221,0.0025779742201286204,48.95379102790257,15.661397053984897,21.12400016784668,21.888999938964844,22.744200019836427,,EUROLED.BO,2025-07-25 11:58:10.351495
79,2025-04-02 00:00:00+05:30,23.479999542236328,23.479999542236328,20.09000015258789,21.170000076293945,4064,0.0,0.0,2025-04-02,21.89349994659424,0.6760586956077919,22.569558642202033,21.217441250986447,23.245617337809822,20.541382555378657,-19.186580628536326,-62.67042219563314,5014,3341.160400390624,1389.7283243296115,22.96783677551642,38.38981685207241,21.579999923706055,23.06999969482422,19.68000030517578,24.969999313354492,18.190000534057617,26.459999084472656,16.290000915527344,-0.1622942424665098,-56.51302252850225,-0.3549339790826629,-0.3140331795164542,-0.04090079956620868,44.9348919939806,16.598954822109178,21.30800018310547,21.89349994659424,22.826400032043455,,EUROLED.BO,2025-07-25 11:58:10.351495
80,2025-04-01 00:00:00+05:30,20.010000228881836,23.979999542236328,20.010000228881836,21.790000915527344,151,0.0,0.0,2025-04-01,21.957499980926514,0.6644496276741088,22.621949608600623,21.293050353252404,23.286399236274733,20.628600725578295,22.302053944332897,-43.066963523112854,9078,127.77825779590789,901.8703053143583,23.03080134243852,48.42837486761654,21.926666895548504,23.84333356221517,19.87333424886068,25.896666208902996,17.95666758219401,27.813332875569664,15.903334935506187,-0.08648592625019157,-46.03479933549008,-0.33612319214616093,-0.303807979624902,-0.03231521252125891,47.99915358908559,17.60863241855071,21.544000244140626,21.957499980926514,22.916600036621094,,EUROLED.BO,2025-07-25 11:58:10.351495
81,2025-03-28 00:00:00+05:30,23.8700008392334,23.8700008392334,19.510000228881836,20.420000076293945,1830,0.0,0.0,2025-03-28,21.94049997329712,0.6732518243479442,22.61375179764506,21.267248148949175,23.28700362199301,20.59399632460123,-65.77681849598808,-83.26764731749628,8927,1451.207772412346,1095.393317193971,23.032418069344985,45.53673228532239,21.266667048136394,23.023333867390953,18.66333325703939,25.626667658487957,16.906666437784832,27.383334477742515,14.303332646687828,-0.0861597636416978,-72.53384805920824,-0.36800759770277836,-0.2957291764945873,-0.07227842120819106,39.539375774174594,18.69597752241082,21.629999923706055,21.94049997329712,22.971600036621094,,EUROLED.BO,2025-07-25 11:58:10.351495
82,2025-03-27 00:00:00+05:30,19.149999618530273,21.700000762939453,19.149999618530273,20.360000610351562,2599,0.0,0.0,2025-03-27,22.03449993133545,0.5736628526823094,22.60816278401776,21.46083707865314,23.18182563670007,20.88717422597083,-201.1978576354151,-135.51590621864054,7097,2054.9763722836383,1006.439703389377,23.074332560330205,36.06116306990905,20.40333366394043,21.656667709350586,19.106666564941406,22.95333480834961,17.85333251953125,24.206668853759766,16.556665420532227,0.059114582645330774,-73.69437929822115,-0.2683291009878417,-0.27765957119253953,0.00933047020469785,39.13670509808664,19.92601818333548,22.118000030517578,22.03449993133545,23.037200050354002,,EUROLED.BO,2025-07-25 11:58:10.351495
83,2025-03-26 00:00:00+05:30,23.989999771118164,23.989999771118164,22.0,22.799999237060547,1598,0.0,0.0,2025-03-26,22.15599994659424,0.4427355744855649,22.598735521079803,21.713264372108675,23.04147109556537,21.270528797623108,181.54151016155137,7.034984527935644,9696,1414.9281079931163,744.3055361658116,23.137624761460607,52.85914106572894,22.929999669392902,23.859999338785805,21.86999956766764,24.919999440511067,20.93999989827474,25.84999910990397,19.879999796549477,0.07809095460441533,-43.87002983577645,-0.1307357888359384,-0.27999218874371395,0.14925639990777556,52.28657532935066,20.390582348806404,22.42599983215332,22.15599994659424,23.1246000289917,,EUROLED.BO,2025-07-25 11:58:10.351495
84,2025-03-25 00:00:00+05:30,22.479999542236328,22.479999542236328,19.0,22.350000381469727,261,0.0,0.0,2025-03-25,22.163500022888183,0.45531123980332977,22.618811262691512,21.708188783084854,23.07412250249484,21.252877543281524,-185.96481708230797,-89.6112451615768,8098,226.53786794421737,576.6498932089855,23.142535700529542,42.270809210247464,21.27666664123535,23.553333282470703,20.073333740234375,24.75666618347168,17.796667098999023,27.03333282470703,16.593334197998047,0.18642059317762208,-50.516984417216285,-0.19289670410770654,-0.3173062887206578,0.12440958461295126,49.37349003526191,21.287880756929695,22.213999938964843,22.163500022888183,23.14780002593994,,EUROLED.BO,2025-07-25 11:58:10.351495
85,2025-03-24 00:00:00+05:30,22.799999237060547,22.799999237060547,20.420000076293945,22.219999313354492,1220,0.0,0.0,2025-03-24,22.18400001525879,0.47303517700446074,22.65703519226325,21.710964838254327,23.13007036926771,21.23792966124987,-71.93596907694725,-60.934548518206135,7837,1052.7533655259213,664.1778995251775,23.144423016505442,57.15490325788912,21.81333287556966,23.206665674845375,20.826666514078774,24.193332036336262,19.43333371480306,25.586664835611977,18.446667353312172,0.20506302170487792,-54.86863175619903,-0.22524076585038344,-0.34840868487389565,0.1231679190235122,48.530527084614704,22.555009636542017,22.10999984741211,22.18400001525879,23.199200019836425,,EUROLED.BO,2025-07-25 11:58:10.351495
86,2025-03-21 00:00:00+05:30,23.700000762939453,23.700000762939453,20.25,22.860000610351562,459,0.0,0.0,2025-03-21,22.16550006866455,0.47875376268507586,22.644253831349626,21.686746305979472,23.1230075940347,21.2079925432944,61.92797759578642,-37.641302395430465,9057,407.4850594233539,567.0340330249916,23.154828871017248,69.87790385686644,22.270000457763672,24.290000915527344,20.84000015258789,25.720001220703125,18.81999969482422,27.740001678466797,17.389999389648438,0.16684552832941693,-44.97680522996665,-0.25043509173911715,-0.37920066462977364,0.1287655728906565,52.52887454426822,23.57071651962554,22.088000106811524,22.16550006866455,23.268200035095216,,EUROLED.BO,2025-07-25 11:58:10.351495
87,2025-03-20 00:00:00+05:30,22.989999771118164,22.989999771118164,21.700000762939453,21.899999618530273,651,0.0,0.0,2025-03-20,22.125500011444093,0.4502453964600352,22.575745407904126,21.67525461498406,23.025990804364163,21.225009218524022,23.51851307315462,-43.41081211632818,8598,553.6660097733281,606.921276425401,23.156082796738097,68.36212585549148,22.196666717529297,22.69333267211914,21.40333366394043,23.486665725708008,20.906667709350586,23.98333168029785,20.11333465576172,-0.01841688870924348,-59.814530279374935,-0.3419274231988112,-0.41139205785243776,0.06946463465362657,46.37514779750131,24.6645547014078,21.952000045776366,22.125500011444093,23.32280002593994,,EUROLED.BO,2025-07-25 11:58:10.351495
88,2025-03-19 00:00:00+05:30,20.020000457763672,22.989999771118164,20.020000457763672,21.739999771118164,566,0.0,0.0,2025-03-19,22.07150001525879,0.5354220215162145,22.606922036775003,21.536077993742573,23.14234405829122,21.000655972226358,-75.97800302943325,-76.17913383691402,7947,477.85785904671354,620.2350930884191,23.163705641206906,46.24541215349192,21.583333333333332,23.146666208902992,20.1766668955485,24.553332646687824,18.61333401997884,26.116665522257485,17.206667582194008,-0.0813936071145135,-62.287479540962885,-0.3593390616580052,-0.4287582165158444,0.06941915485783917,45.27730482903859,24.574100231173464,21.96800003051758,22.07150001525879,23.38240001678467,,EUROLED.BO,2025-07-25 11:58:10.351495
89,2025-03-18 00:00:00+05:30,23.989999771118164,23.989999771118164,19.950000762939453,21.829999923706055,162,0.0,0.0,2025-03-18,21.950500011444092,0.8148264156244638,22.765326427068555,21.13567359581963,23.580152842693018,20.320847180195166,-26.214220155398884,-61.97984645822415,8513,137.33825194719918,655.8294015988456,23.171257466542833,49.56304488249785,21.923333485921223,23.896666208902992,19.85666720072428,25.963332494099934,17.883334477742512,27.936665217081703,15.81666819254557,-0.19857832338246104,-60.896441896334586,-0.3604291431726345,-0.44611300523030417,0.08568386205766965,45.76670214022932,24.476687724767256,21.91800003051758,21.950500011444092,23.423600006103516,,EUROLED.BO,2025-07-25 11:58:10.351495
90,2025-03-17 00:00:00+05:30,23.950000762939453,23.950000762939453,20.030000686645508,22.110000610351562,691,0.0,0.0,2025-03-17,21.901000022888184,0.8517654839221913,22.752765506810373,21.049234538965994,23.604530990732567,20.1974690550438,-9.863821016687542,-59.53537695625799,8675,593.3207930777834,785.4521890117571,23.173296865864604,63.51950566330541,22.030000686645508,24.030000686645508,20.110000610351562,25.950000762939453,18.110000610351562,27.950000762939453,16.190000534057617,-0.23713032488953834,-56.568765948615386,-0.3652273816064948,-0.4675339707447216,0.10230658913822677,47.241861195529246,24.371781948637494,22.05,21.901000022888184,23.46659999847412,,EUROLED.BO,2025-07-25 11:58:10.351495
91,2025-03-13 00:00:00+05:30,23.979999542236328,23.979999542236328,21.0,22.18000030517578,741,0.0,0.0,2025-03-13,21.84650001525879,0.8723126649732025,22.71881268023199,20.97418735028559,23.591125345205196,20.101874685312385,61.39497654687254,-45.639253228217534,9366,638.2671932479707,833.4850379952504,23.180238045176846,60.32215406140009,22.386666615804035,23.77333323160807,20.793333689371742,25.366666158040363,19.406667073567707,26.7533327738444,17.813334147135414,-0.3721580615782082,-55.486854331655735,-0.39341265780726076,-0.49311061802927825,0.09969796022201749,47.59801153747054,24.193892840836156,22.171999740600587,21.84650001525879,23.543599967956542,,EUROLED.BO,2025-07-25 11:58:10.351495
92,2025-03-12 00:00:00+05:30,22.989999771118164,22.989999771118164,20.850000381469727,21.979999542236328,315,0.0,0.0,2025-03-12,21.96899995803833,1.0710098199468359,23.04000977798517,20.897990138091494,24.111019597932003,19.82698031814466,-6.034510068551425,-68.56536386320975,8625,268.88154779823066,882.2894991820702,23.187289411497602,56.8146102806506,21.93999989827474,23.02999941507975,20.890000025431313,24.079999287923176,19.8000005086263,25.169998804728188,18.750000635782875,-0.4131976836736469,-58.57805564858096,-0.4304314638302138,-0.5180351080847826,0.08760364425456879,46.52852379193126,23.206472707413813,22.137999725341796,21.96899995803833,23.631999969482422,,EUROLED.BO,2025-07-25 11:58:10.351495
93,2025-03-11 00:00:00+05:30,24.170000076293945,24.170000076293945,19.989999771118164,21.489999771118164,873,0.0,0.0,2025-03-11,22.048499965667723,1.1292953740718845,23.177795339739607,20.91920459159584,24.30709071381149,19.789909217523956,-24.988094883926447,-74.74938076524617,8310,728.5735844732484,1035.64148702803,23.190918331578686,69.62819998793431,21.883333206176758,23.77666664123535,19.59666633605957,26.06333351135254,17.703332901000977,27.956666946411133,15.416666030883789,-0.4174606917600948,-66.15146644717913,-0.4516080196787442,-0.5399360191484248,0.08832799946968062,43.92489200440334,22.549449339280184,22.0379997253418,22.048499965667723,23.7303999710083,,EUROLED.BO,2025-07-25 11:58:10.351495
94,2025-03-10 00:00:00+05:30,24.0,24.0,20.110000610351562,22.489999771118164,572,0.0,0.0,2025-03-10,22.128999996185303,1.1446667718956063,23.27366676808091,20.984333224289696,24.418333539976516,19.83966645239409,18.428181642728468,-63.740966997838555,9183,499.5836842361003,1112.4084626667254,23.205206813467026,75.42649246169958,22.200000127156574,24.289999643961586,20.40000025431315,26.089999516805012,18.310000737508137,28.179999033610024,16.51000086466471,-0.44636087629579174,-50.69551882231415,-0.4236203293341134,-0.562018019015845,0.1383976896817316,48.39000319894228,21.84188571205935,22.133999633789063,22.128999996185303,23.814599990844727,,EUROLED.BO,2025-07-25 11:58:10.351495
95,2025-03-07 00:00:00+05:30,23.389999389648438,23.389999389648438,21.0,22.719999313354492,107,0.0,0.0,2025-03-07,22.300500011444093,1.4243760225771827,23.724876034021275,20.87612398886691,25.14925205659846,19.451747966289727,47.69719061673428,-59.06103064614663,9755,94.40931753510405,1265.6146572743817,23.20916515376585,65.20750104821653,22.369999567667644,23.73999913533529,21.34999974568685,24.759998957316082,19.980000178019207,26.129998524983726,18.960000356038414,-0.40723777176787535,-44.39593554328473,-0.4798539632211458,-0.5966174414362778,0.116763478215132,49.463876077980935,21.14592710507189,22.12599983215332,22.300500011444093,23.879799995422363,,EUROLED.BO,2025-07-25 11:58:10.351495
96,2025-03-06 00:00:00+05:30,25.770000457763672,25.770000457763672,20.040000915527344,22.010000228881836,1077,0.0,0.0,2025-03-06,22.404500007629395,1.5287299639447218,23.933229971574118,20.87577004368467,25.461959935518838,19.34704007973995,86.87074103681657,-51.19769510371557,9648,920.5736018060476,1558.4159922092008,23.209672115380314,58.19375194247537,22.606667200724285,25.173333485921226,19.443333943684898,28.336666742960613,16.876667658487957,30.903333028157554,13.71333440144857,-0.40523572104095545,-54.73070989175312,-0.567231010566136,-0.6258083109900608,0.05857730042392484,46.03075267723685,19.740733926062703,21.87200012207031,22.404500007629395,,,EUROLED.BO,2025-07-25 11:58:10.351495
97,2025-03-05 00:00:00+05:30,21.700000762939453,21.700000762939453,19.299999237060547,21.479999542236328,81,0.0,0.0,2025-03-05,22.54049997329712,1.6105848716566962,24.151084844953814,20.929915101640425,25.761669716610513,19.319330229983727,-207.98204454897018,-139.72657315369688,8571,67.56815389985016,1717.876589809989,23.22231853371264,40.8896590237035,20.826666514078777,22.353333791097008,19.9533322652181,23.226668039957683,18.42666498819987,24.753335316975914,17.553330739339195,-0.40952315714174425,-69.965077091078,-0.6005815475511831,-0.640452636096042,0.03987108854485888,43.36380567190108,18.227448964052808,21.929999923706056,22.54049997329712,,,EUROLED.BO,2025-07-25 11:58:10.351495
98,2025-03-04 00:00:00+05:30,24.989999771118164,24.989999771118164,20.18000030517578,21.969999313354492,2332,0.0,0.0,2025-03-04,22.760000038146973,1.7514354748693761,24.511435513016348,21.0085645632776,26.262870987885726,19.25712908840822,55.43171290483325,-73.79185884069896,8652,1989.6713941259281,2130.4536987875235,23.22370097438335,55.92519464349572,22.37999979654948,24.57999928792318,19.769999821980797,27.189999262491863,17.570000330607098,29.389998753865562,14.960000356038414,-0.3994087520809143,-67.23586531636438,-0.5819835833767826,-0.6504204082322567,0.06843682485547409,45.28493822644857,18.208035273361872,22.19200019836426,22.760000038146973,,,EUROLED.BO,2025-07-25 11:58:10.351495
99,2025-03-03 00:00:00+05:30,24.0,24.0,20.030000686645508,22.450000762939453,1373,0.0,0.0,2025-03-03,22.91500005722046,1.8139009341661552,24.728900991386617,21.101099123054304,26.54280192555277,19.28719818888815,27.366186678992143,-89.89764412270104,10984,1197.0427591268292,2165.649274952922,23.253009395835313,51.62006597521629,22.160000483194988,24.29000027974447,20.320000966389976,26.12999979654948,18.190001169840496,28.25999959309896,16.350001653035484,-0.3927716480253595,-62.11311818089847,-0.597612173621549,-0.6675296144461251,0.06991744082457618,47.18648970184006,17.507774395667965,22.38800048828125,22.91500005722046,,,EUROLED.BO,2025-07-25 11:58:10.351495
100,2025-02-28 00:00:00+05:30,22.0,22.0,20.5,21.450000762939453,9,0.0,0.0,2025-02-28,23.011000061035155,1.8386347666526943,24.84963482768785,21.17236529438246,26.688269594340543,19.333730527729767,-78.8649997092105,-141.50915923335253,9611,7.497087645299222,2407.800903909445,23.264216141578554,47.62847344476949,21.316666920979817,22.133333841959633,20.633333841959633,22.816666920979817,19.816666920979817,23.633333841959633,19.133333841959633,-0.4001640577597318,-72.78547581626677,-0.6558396452028106,-0.6850089746522692,0.029169329449458603,42.51701884565568,17.225810506309884,22.450000381469728,23.011000061035155,,,EUROLED.BO,2025-07-25 11:58:10.351495
101,2025-02-27 00:00:00+05:30,22.790000915527344,22.790000915527344,21.110000610351562,22.299999237060547,3833,0.0,0.0,2025-02-27,23.176000022888182,1.839248710015366,25.015248732903547,21.336751312872817,26.854497442918912,19.497502602857452,0.7982703345670848,-110.8770332792356,9620,3319.4523136175935,3007.876857975481,23.264382123142493,51.40728820927407,22.066666920979817,23.02333323160807,21.34333292643229,23.746667226155598,20.386666615804035,24.703333536783852,19.663332621256508,-0.39329239460861604,-63.71398811092911,-0.6219666407090862,-0.6923013070146337,0.07033466630554741,45.706616872606055,18.06347964302895,22.530000305175783,23.176000022888182,,,EUROLED.BO,2025-07-25 11:58:10.351495
102,2025-02-25 00:00:00+05:30,23.979999542236328,23.979999542236328,21.010000228881836,22.790000915527344,290,0.0,0.0,2025-02-25,23.280000019073487,1.8459029610646989,25.125902980138186,21.43409705800879,26.971805941202884,19.58819409694409,16.775774321659778,-88.99248195754583,13453,256.6640879806962,2929.982994064953,23.303482172882305,53.85395591716978,22.593333562215168,24.1766668955485,21.206667582194008,25.56333287556966,19.623334248860676,27.146666208902992,18.236668268839516,-0.4235763910197675,-58.4845149564007,-0.6528871643660246,-0.7098849735910204,0.056997809224995866,47.61886690272473,18.50498603403537,22.48200035095215,23.280000019073487,,,EUROLED.BO,2025-07-25 11:58:10.351495
103,2025-02-24 00:00:00+05:30,23.979999542236328,23.979999542236328,20.110000610351562,22.950000762939453,4456,0.0,0.0,2025-02-24,23.29049997329712,1.8435648105049687,25.13406478380209,21.44693516279215,26.977629594307057,19.603370352287182,-13.231850502934785,-108.61343462499283,13743,3971.4642096954617,3598.312720586017,23.305062131976122,51.388428114435165,22.34666697184245,24.583333333333336,20.71333440144857,26.216665903727215,18.476668039957683,28.4533322652181,16.843335469563804,-0.4024780227324516,-56.77693936321431,-0.7308403158005667,-0.7241344258972694,-0.006705889903297346,48.230693461324876,18.980454455119204,22.088000106811524,23.29049997329712,,,EUROLED.BO,2025-07-25 11:58:10.351495
104,2025-02-21 00:00:00+05:30,23.5,23.5,20.1299991607666,22.760000228881836,1580,0.0,0.0,2025-02-21,23.267999935150147,1.850671548971921,25.118671484122068,21.417328386178227,26.96934303309399,19.566656837206306,-35.42720609860911,-128.20539981248817,9287,1396.535936374108,3505.0248483086552,23.32268214089026,50.59892539196533,22.12999979654948,24.13000043233236,20.75999959309896,25.50000063578288,18.759998957316082,27.500001271565758,17.389998753865562,-0.45282153526166813,-58.80469301358818,-0.8353281944156699,-0.722457953421445,-0.11287024099422482,47.48670278891619,19.492497370132565,21.361999893188475,23.267999935150147,,,EUROLED.BO,2025-07-25 11:58:10.351495
105,2025-02-20 00:00:00+05:30,23.899999618530273,23.899999618530273,21.329999923706055,21.850000381469727,519,0.0,0.0,2025-02-20,23.329999923706055,1.853525785078426,25.18352570878448,21.47647413862763,27.037051493862908,19.6229483535492,-34.31976589054533,-124.41720378514157,7707,440.3941824459332,4032.147076292292,23.332760444779407,54.96408919059304,22.359999974568684,23.390000025431313,20.820000330607094,24.929999669392902,19.790000279744465,25.95999972025553,18.250000635782875,-0.47357796513458755,-68.5165368333008,-0.9377356804336365,-0.6942403931728888,-0.24349528726074776,43.90118449540841,20.291994079631294,20.977999877929687,23.329999923706055,,,EUROLED.BO,2025-07-25 11:58:10.351495
106,2025-02-19 00:00:00+05:30,23.700000762939453,23.700000762939453,21.5,22.059999465942383,7595,0.0,0.0,2025-02-19,23.505999946594237,1.8726182600876624,25.3786182066819,21.633381686506574,27.251236466769562,19.76076342641891,-40.088978487836606,,8226,6506.628968692516,4930.085299753881,23.341535873803718,55.11552365816951,22.420000076293945,23.34000015258789,21.139999389648438,24.6200008392334,20.219999313354492,25.540000915527344,18.939998626708984,-0.4734631042161499,-66.2753515007087,-0.9650189816443344,-0.6333665713577018,-0.3316524102866326,44.55304286285368,20.369516246726032,20.811999893188478,23.505999946594237,,,EUROLED.BO,2025-07-25 11:58:10.351495
107,2025-02-18 00:00:00+05:30,22.5,22.5,20.549999237060547,20.81999969482422,3348,0.0,0.0,2025-02-18,23.665999984741212,1.8792619375469284,25.54526192228814,21.786738047194284,27.42452385983507,19.907476109647355,-99.842098583388,,631,2707.0042321658807,4535.949382519222,23.46305136110951,50.53391557910711,21.28999964396159,22.030000050862633,20.07999928792318,23.240000406901043,19.339998881022137,23.980000813802086,18.129998524983726,-0.45987400201701933,-79.50907252585658,-1.0060101031554254,-0.5504534687860436,-0.45555663436938176,39.638849727415355,20.544023184129895,21.32599983215332,23.665999984741212,,,EUROLED.BO,2025-07-25 11:58:10.351495
108,2025-02-17 00:00:00+05:30,24.989999771118164,24.989999771118164,18.899999618530273,19.31999969482422,5086,0.0,0.0,2025-02-17,23.901500034332276,1.7971682208654394,25.698668255197717,22.104331813466835,27.495836476063154,20.3071635926014,-142.3502709755911,,-2717,3815.981298946637,4993.185670107558,23.57834545472032,48.952871036335566,21.06999969482422,23.239999771118164,17.149999618530273,27.15999984741211,14.979999542236328,29.329999923706055,11.059999465942383,-0.43925848690337405,-95.51760897890904,-0.9211273933412407,-0.4365643101936981,-0.4845630831475426,32.96526308632218,21.292276559062724,21.87599983215332,23.901500034332276,,,EUROLED.BO,2025-07-25 11:58:10.351495
109,2025-02-14 00:00:00+05:30,23.399999618530273,23.399999618530273,20.1299991607666,20.84000015258789,4028,0.0,0.0,2025-02-14,24.23500003814697,1.495848630929835,25.730848669076806,22.739151407217136,27.22669730000664,21.2433027762873,-185.65119578843095,,2369,3259.942548140736,5287.486762897788,23.880556388018743,54.63625022320975,21.456666310628254,22.783333460489906,19.513333002726235,24.726666768391926,18.186665852864582,26.05333391825358,16.243332544962563,-0.40276716702971754,-91.16565218337601,-0.6507680543618442,-0.3154235394068124,-0.33534451495503176,36.79292682671289,22.098087885913465,22.631999969482422,24.23500003814697,,,EUROLED.BO,2025-07-25 11:58:10.351495
110,2025-02-13 00:00:00+05:30,27.489999771118164,27.489999771118164,20.1200008392334,21.020000457763672,12914,0.0,0.0,2025-02-13,24.477000045776368,1.295831797104474,25.77283184288084,23.181168248671895,27.068663639985317,21.88533645156742,-162.37562058607236,,6397,10541.836346079994,5794.372816587051,24.06163125113088,58.1271272114382,22.876667022705078,25.633333206176758,18.263334274291992,30.246665954589844,15.506668090820312,33.00333213806152,10.893335342407227,-0.3898103163062197,-88.95705937845707,-0.44446306613976816,-0.2315874106680544,-0.21287565547171375,37.26877297714158,23.741819985399463,23.647999954223632,24.477000045776368,,,EUROLED.BO,2025-07-25 11:58:10.351495
111,2025-02-12 00:00:00+05:30,24.989999771118164,28.270000457763672,23.579999923706055,24.6299991607666,13998,0.0,0.0,2025-02-12,24.65300006866455,1.008856144308984,25.661856212973532,23.644143924355568,26.670712357282518,22.635287780046582,59.23564875689612,,19311,13389.154495239247,4607.506934213815,24.779421212674364,74.09388576600624,25.49333318074544,27.40666643778483,22.71666590372721,30.18333371480306,20.803332646687824,32.096666971842446,18.026665369669594,-0.276561073910861,-44.82759754666133,-0.1913231784539775,-0.17836849680012595,-0.012954681653851552,49.0929659087303,25.511993015615154,24.403999710083006,24.65300006866455,,,EUROLED.BO,2025-07-25 11:58:10.351495
112,2025-02-11 00:00:00+05:30,24.979999542236328,24.979999542236328,23.049999237060547,23.56999969482422,2869,0.0,0.0,2025-02-11,24.606500148773193,1.031158200692185,25.63765834946538,23.575341948081007,26.668816550157562,22.544183747388825,-93.34846393929908,,5313,2626.1098689107043,2412.0950439574567,24.83078057136325,60.13507395946849,23.866666158040363,24.68333307902018,22.7533327738444,25.796666463216145,21.936665852864582,26.61333338419596,20.823332468668617,-0.15640076856371601,-56.43312216433764,-0.21985875241784925,-0.17512982638666308,-0.04472892603118617,44.272245588484196,25.330932111234638,24.423999786376953,24.606500148773193,,,EUROLED.BO,2025-07-25 11:58:10.351495
113,2025-02-10 00:00:00+05:30,26.969999313354492,26.969999313354492,23.010000228881836,23.100000381469727,3525,0.0,0.0,2025-02-10,24.664500141143797,1.0020005354838801,25.666500676627678,23.662499605659917,26.668501212111558,22.660499070176037,-24.12204526724327,,2444,3162.2330619293484,2358.5913377191446,24.926331615709998,68.47766401206513,24.359999974568684,25.70999972025553,21.750000635782875,28.31999905904134,20.400000890096027,29.669998804728188,17.79000155131022,-0.10811223577651553,-62.42037427280818,-0.14866785421942552,-0.16394759487886654,0.015279740659441016,42.01132864538069,26.867723644287523,24.88400001525879,24.664500141143797,,,EUROLED.BO,2025-07-25 11:58:10.351495
114,2025-02-07 00:00:00+05:30,26.979999542236328,26.979999542236328,24.030000686645508,25.920000076293945,4478,0.0,0.0,2025-02-07,24.707500076293947,0.9483442285723119,25.65584430486626,23.759155847721633,26.60418853343857,22.810811619149323,82.34764540867994,,5969,4507.563508413367,2157.6809066665937,25.113853610428965,78.16709792106239,25.643333435058594,27.25666618347168,24.30666732788086,28.593332290649414,22.693334579467773,30.2066650390625,21.35666847229004,0.01702270130369781,-26.496813027117636,-0.008981577116539796,-0.16776753004372677,0.15878595292718697,54.28080076490119,28.522729910652167,25.277999877929688,24.707500076293947,,,EUROLED.BO,2025-07-25 11:58:10.351495
115,2025-02-06 00:00:00+05:30,24.3799991607666,25.989999771118164,23.40999984741211,24.799999237060547,492,0.0,0.0,2025-02-06,24.657500076293946,0.9064905939495705,25.563990670243516,23.751009482344376,26.470481264193086,22.844518888394806,32.90033940681132,,1491,473.84852911199147,1570.2102562298999,24.99293029035583,72.2491352441695,24.733332951863606,26.056666056315102,23.476666132609047,27.31333287556966,22.15333302815755,28.636665980021156,20.896666208902992,-0.025876918439871385,-40.76433894822727,-0.10773197142027868,-0.2074640182755235,0.09973204685524481,48.762126093429515,29.567366200817922,24.96800003051758,24.657500076293946,,,EUROLED.BO,2025-07-25 11:58:10.351495
116,2025-02-05 00:00:00+05:30,27.299999237060547,27.299999237060547,23.850000381469727,24.729999542236328,2641,0.0,0.0,2025-02-05,24.701000118255614,0.9341414270145081,25.635141545270123,23.766858691241104,26.56928297228463,22.8327172642266,63.774170841243645,,999,2536.3855841182954,1844.300688009377,24.996163221053738,74.53154558470938,25.293333053588867,26.736665725708008,23.286666870117188,28.743331909179688,21.843334197998047,30.186664581298828,19.836668014526367,-0.02593895933734997,-41.656054762527816,-0.12222698493889794,-0.23239702998933467,0.11017004505043673,48.4006532166087,31.277094870039775,24.95800018310547,24.701000118255614,,,EUROLED.BO,2025-07-25 11:58:10.351495
117,2025-02-04 00:00:00+05:30,28.0,28.0,24.1200008392334,25.8700008392334,2858,0.0,0.0,2025-02-04,24.744000148773193,0.9551049528879465,25.69910510166114,23.788895195885246,26.654210054549086,22.8337902429973,117.85117513192444,,3640,2871.3189280982137,1671.2794639821473,25.022470791254214,88.66546441080189,25.996667226155598,27.873333613077797,23.993334452311196,29.8766663869222,22.116668065388996,31.7533327738444,20.113335291544594,0.05174216728060065,-27.133745952351276,-0.1320391613180938,-0.25993954125194385,0.12790037993385006,54.18099799147024,32.80213790432197,24.888000106811525,24.744000148773193,,,EUROLED.BO,2025-07-25 11:58:10.351495
118,2025-02-03 00:00:00+05:30,28.0,28.0,23.100000381469727,25.06999969482422,4261,0.0,0.0,2025-02-03,24.694500064849855,0.9186344831716435,25.6131345480215,23.77586558167821,26.531769031193143,22.857231098506567,90.30521976947965,,782,4148.476454355182,1371.2695979531304,24.920960403310016,86.46701388464115,25.390000025431316,27.679999669392906,22.780000050862633,30.28999964396159,20.490000406901043,32.57999928792318,17.88000043233236,0.08474676480124824,-37.32484283812491,-0.2548739821242272,-0.2919146362354063,0.03704065411117913,50.31435664919874,34.253244627762825,24.313999938964844,24.694500064849855,,,EUROLED.BO,2025-07-25 11:58:10.351495
119,2025-02-01 00:00:00+05:30,23.399999618530273,24.719999313354492,23.389999389648438,24.3700008392334,295,0.0,0.0,2025-02-01,24.63100004196167,0.935059346848257,25.566059388809926,23.695940695113414,26.501118735658185,22.760881348265155,-13.13176144238981,,-3479,279.1903008766543,676.9678838526177,24.88856121851628,74.54090005729208,24.15999984741211,24.93000030517578,23.600000381469727,25.489999771118164,22.829999923706055,26.260000228881836,22.270000457763672,0.16226545730970834,-38.12314648773759,-0.3294900569323289,-0.30117479976320105,-0.02831525716912786,46.65680327377568,35.815974945314515,23.8,24.63100004196167,,,EUROLED.BO,2025-07-25 11:58:10.351495
120,2025-01-31 00:00:00+05:30,26.0,26.0,22.5,24.75,809,0.0,0.0,2025-01-31,24.611499977111816,0.9448046213140792,25.556304598425896,23.666695355797735,26.501109219739973,22.721890734483658,-3.8267893695491235,,-3184,777.5825242718444,776.4122795966084,24.896484937147193,78.06380047809208,24.416666666666668,26.333333333333336,22.833333333333336,27.916666666666668,20.916666666666668,29.833333333333336,19.333333333333336,0.10911108931307488,-32.55131103655733,-0.3510896887961472,-0.2940959854709191,-0.05699370332522813,48.45483670549058,37.624617940106305,23.72599983215332,24.611499977111816,,,EUROLED.BO,2025-07-25 11:58:10.351495
121,2025-01-30 00:00:00+05:30,26.0,26.0,21.209999084472656,24.3799991607666,1073,0.0,0.0,2025-01-30,24.67199993133545,0.9917162787618584,25.66371621009731,23.68028365257359,26.655432488859166,22.688567373811733,-40.04441382249048,,-3993,1015.9121980389342,776.1197184277993,24.90289172279633,67.33512246366215,23.863332748413086,26.516666412353516,21.726665496826172,28.65333366394043,19.073331832885742,31.30666732788086,16.936664581298828,0.03256264130685963,-37.97654352614522,-0.41084838195795115,-0.27984755963961205,-0.1310008223183391,46.594008814362894,39.572387319112856,23.85,24.67199993133545,,,EUROLED.BO,2025-07-25 11:58:10.351495
122,2025-01-29 00:00:00+05:30,24.0,24.0,20.610000610351562,23.0,2217,0.0,0.0,2025-01-29,24.782999992370605,1.077815123986169,25.860815116356775,23.705184868384436,26.938630240342945,22.627369744398266,-141.5329031656019,,-5066,1980.2330097087372,716.1715985250156,24.935092349464025,63.153747252651705,22.536666870117188,24.463333129882812,21.073333740234375,25.926666259765625,19.14666748046875,27.85333251953125,17.683334350585938,-0.0037287020151791864,-58.27232191353706,-0.4446931658245781,-0.24709735406002722,-0.19759581176455085,38.96255436163236,41.66998511188913,24.026000213623046,24.782999992370605,,,EUROLED.BO,2025-07-25 11:58:10.351495
123,2025-01-28 00:00:00+05:30,20.149999618530273,24.0,20.149999618530273,22.5,182,0.0,0.0,2025-01-28,24.97799997329712,1.0909706441492433,26.068970617446364,23.887029329147875,27.159941261595606,22.796058684998634,-210.63710298052226,,-7283,159.0291262135922,400.1562457290852,25.217205832646883,50.17564295147103,22.21666653951009,24.283333460489906,20.43333307902018,26.066666920979817,18.366666158040363,28.133333841959633,16.583332697550453,-0.09029201905978736,-65.59296621200278,-0.3453779616718897,-0.19769840111888948,-0.14767956055300024,35.87995272059061,42.41807472209613,24.53200035095215,24.97799997329712,,,EUROLED.BO,2025-07-25 11:58:10.351495
124,2025-01-27 00:00:00+05:30,26.100000381469727,26.100000381469727,23.010000228881836,24.0,721,0.0,0.0,2025-01-27,25.138000011444092,0.9314087522038252,26.069408763647917,24.206591259240266,27.000817515851743,23.27518250703644,-69.40309700690692,,-7101,671.9999999999999,460.4380256079584,25.250119740237015,56.78899325810192,24.37000020345052,25.730000178019203,22.640000025431313,27.46000035603841,21.28000005086263,28.820000330607094,19.549999872843422,-0.1756122167778207,-60.446234437506284,-0.16374898117834746,-0.1607785109806394,-0.002970470197708075,41.754287656497176,43.223709686934434,25.230000305175782,25.138000011444092,,,EUROLED.BO,2025-07-25 11:58:10.351495
125,2025-01-24 00:00:00+05:30,25.989999771118164,25.989999771118164,25.3700008392334,25.3700008392334,104,0.0,0.0,2025-01-24,25.22550001144409,0.9005640913485259,26.126064102792615,24.324935920095566,27.026628194141143,23.424371828747038,80.15272022702308,,-6380,102.46524610797177,407.54753200994804,25.31313262703168,51.75648869531926,25.576667149861652,25.783333460489906,25.16333452860514,26.196666081746418,24.956668217976887,26.403332392374672,24.543335596720375,-0.11821398634749815,-32.65717248156488,-0.07645507461951695,-0.16003589343121238,0.08358081881169543,48.48676097349358,45.53060149501324,25.566000366210936,25.22550001144409,,,EUROLED.BO,2025-07-25 11:58:10.351495
126,2025-01-23 00:00:00+05:30,26.100000381469727,26.100000381469727,23.709999084472656,25.260000228881836,1008,0.0,0.0,2025-01-23,,,,,,,14.292159614134126,,-6484,988.8186497364228,483.8181034854421,25.31271612744936,42.542561698200245,25.023333231608074,26.336667378743492,23.94666608174642,27.413334528605144,22.633331934611004,28.726668675740562,21.55666478474935,,-43.69603258370262,-0.09845833637976753,-0.18093109813413624,0.08247276175436871,47.85995606407925,48.269677140659255,25.400000381469727,,,,EUROLED.BO,2025-07-25 11:58:10.351495
127,2025-01-22 00:00:00+05:30,26.0,26.0,23.25,25.530000686645508,391,0.0,0.0,2025-01-22,,,,,,,-1.8475322572585622,,-5476,387.6594279020735,357.56796692269694,25.316744146381748,26.043809944057415,24.926666895548504,26.603333791097008,23.853333791097008,27.676666895548504,22.176666895548504,29.353333791097008,21.103333791097008,,-39.032812979719516,-0.11430399266879476,-0.2015492885727284,0.08724529590393365,49.225126154517156,51.21945091289343,25.08800048828125,,,,EUROLED.BO,2025-07-25 11:58:10.351495
128,2025-01-21 00:00:00+05:30,26.969999313354492,26.969999313354492,25.989999771118164,25.989999771118164,4,0.0,0.0,2025-01-21,,,,,,,175.1910272114758,,-5085,4.0372815178435975,350.04510167785276,25.310230334394937,22.04494422776382,26.31666628519694,26.64333279927572,25.66333325703939,27.29666582743327,25.336666742960613,27.623332341512047,24.683333714803062,,-37.65624986030161,-0.159450309929678,-0.22336061254871178,0.06391030261903377,51.551419518439374,54.46436053339938,24.928000259399415,,,,EUROLED.BO,2025-07-25 11:58:10.351495
129,2025-01-20 00:00:00+05:30,24.5,26.790000915527344,24.0,25.68000030517578,91,0.0,0.0,2025-01-20,,,,,,,130.5109806730116,,-5089,90.75262243770858,436.547056717855,25.31001785664649,28.700840457292045,25.490000406901043,26.980000813802086,24.189999898274742,28.280001322428387,22.6999994913737,29.77000172932943,21.399998982747398,,-56.705878762637866,-0.2601383030764488,-0.23933818820347022,-0.020800114872978587,50.07498206950511,55.15511156761327,24.522000122070313,,,,EUROLED.BO,2025-07-25 11:58:10.351495
130,2025-01-17 00:00:00+05:30,23.700000762939453,24.75,23.700000762939453,24.540000915527344,37,0.0,0.0,2025-01-17,,,,,,,-55.82643744622245,,-5180,35.261360538815985,522.9956652878916,25.307368053182287,38.56878572934074,24.330000559488933,24.960000356038414,23.910001118977867,25.37999979654948,23.280001322428387,26.00999959309896,22.86000188191732,,-70.1176362879136,-0.35457770594312166,-0.23413815948522554,-0.12043954645789612,44.276253547776726,55.98628913437733,24.370000076293945,,,,EUROLED.BO,2025-07-25 11:58:10.351495
131,2025-01-16 00:00:00+05:30,26.950000762939453,26.950000762939453,23.399999618530273,23.700000762939453,723,0.0,0.0,2025-01-16,,,,,,,-16.563077680485193,,-5217,665.4407981205911,644.9292414751604,25.309609160143626,38.691722940560396,24.68333371480306,25.966667811075844,22.416666666666664,28.23333485921224,21.13333257039388,29.516668955485024,18.866665522257485,,-79.99999102424172,-0.35784370296700274,-0.20402827287075148,-0.15381543009625126,,58.08223964091644,24.595999908447265,,,,EUROLED.BO,2025-07-25 11:58:10.351495
132,2025-01-15 00:00:00+05:30,23.479999542236328,24.979999542236328,22.049999237060547,24.729999542236328,402,0.0,0.0,2025-01-15,,,,,,,-102.0868820448745,,-4494,386.07610935840785,639.8013523138028,25.407026443851866,,23.919999440511067,25.789999643961586,22.859999338785805,26.849999745686848,20.989999135335285,28.719999949137367,19.929999033610024,,,-0.27387600681138835,-0.16557441534668868,-0.10830159146469967,,60.33941710949702,24.973999786376954,,,,EUROLED.BO,2025-07-25 11:58:10.351495
133,2025-01-14 00:00:00+05:30,26.850000381469727,26.850000381469727,23.170000076293945,23.959999084472656,225,0.0,0.0,2025-01-14,,,,,,,-53.143123928748594,,-4896,209.35921530121732,703.2326630526514,25.43060274447985,,24.65999984741211,26.149999618530273,22.469999313354492,28.34000015258789,20.979999542236328,29.829999923706055,18.78999900817871,,,-0.2636615482275815,-0.13849901748051374,-0.12516253074706774,,64.44080157777437,25.003999710083008,,,,EUROLED.BO,2025-07-25 11:58:10.351495
134,2025-01-13 00:00:00+05:30,25.670000076293945,25.670000076293945,23.030000686645508,24.920000076293945,849,0.0,0.0,2025-01-13,,,,,,,-69.70881368466686,,-4671,821.6341772727593,826.70102499051,25.459835523303212,,24.540000279744465,26.049999872843422,23.410000483194985,27.179999669392902,21.900000890096027,28.68999926249186,20.770001093546547,,,-0.17075569559087356,-0.10720838479374678,-0.06354731079712678,,67.27922066755252,24.971999740600587,,,,EUROLED.BO,2025-07-25 11:58:10.351495
135,2025-01-10 00:00:00+05:30,25.989999771118164,26.979999542236328,23.219999313354492,25.670000076293945,151,0.0,0.0,2025-01-10,,,,,,,-26.874309550637133,,-3822,150.53087423380134,827.9677369199476,25.503610145510553,,25.28999964396159,27.359999974568687,23.59999974568685,29.049999872843426,21.529999415079754,31.120000203450523,19.839999516805015,,,-0.1437663956430768,-0.09132155709446509,-0.05244483854861172,,71.6228954096054,24.783999633789062,,,,EUROLED.BO,2025-07-25 11:58:10.351495
136,2025-01-09 00:00:00+05:30,25.989999771118164,26.950000762939453,23.219999313354492,25.59000015258789,223,0.0,0.0,2025-01-09,,,,,,,,,-3973,221.61437025347954,997.3269525914841,25.501175328227067,,25.253333409627277,27.286667505900063,23.556666056315102,28.98333485921224,21.523331960042317,31.016668955485024,19.82666460673014,,,-0.180897270775926,-0.07821034745731215,-0.10268692331861384,,75.9959196717766,24.841999435424803,,,,EUROLED.BO,2025-07-25 11:58:10.351495
137,2025-01-08 00:00:00+05:30,25.899999618530273,25.899999618530273,23.549999237060547,24.8799991607666,563,0.0,0.0,2025-01-08,,,,,,,,,-4196,543.9782340781202,1191.2550981759853,25.4992133694481,,24.776666005452473,26.0033327738444,23.653332392374672,27.1266663869222,22.426665623982746,28.353333155314125,21.303332010904946,,,-0.21781639462229663,-0.05253861662765869,-0.16527777799463794,,80.73987867471014,25.043999481201173,,,,EUROLED.BO,2025-07-25 11:58:10.351495
138,2025-01-07 00:00:00+05:30,25.989999771118164,25.989999771118164,22.219999313354492,23.799999237060547,1282,0.0,0.0,2025-01-07,,,,,,,,,-4759,1184.916466870354,1353.0743142004515,25.535782927770523,,24.003332773844402,25.786666234334312,22.01666577657064,27.773333231608074,20.23333231608073,29.556666692097984,18.24666531880697,,,-0.19185947225196642,-0.011219172128999207,-0.18064030012296722,,86.6904463236571,25.447999572753908,,,,EUROLED.BO,2025-07-25 11:58:10.351495
139,2025-01-06 00:00:00+05:30,27.790000915527344,27.790000915527344,22.0,23.979999542236328,1166,0.0,0.0,2025-01-06,,,,,,,,,-3477,1085.8516297571866,1395.1137760329757,25.805480502790545,,24.59000015258789,27.18000030517578,21.389999389648438,30.380001068115234,18.799999237060547,32.970001220703125,15.599998474121094,,,-0.049356155333263985,0.0339409029017426,-0.08329705823500658,,93.09874994559998,25.827999877929688,,,,EUROLED.BO,2025-07-25 11:58:10.351495
140,2025-01-03 00:00:00+05:30,26.06999969482422,27.790000915527344,25.280000686645508,25.959999084472656,1489,0.0,0.0,2025-01-03,,,,,,,,,-2311,1501.1432480302826,1472.4293126019227,26.105905456919864,,26.343333562215168,27.40666643778483,24.896666208902992,28.853333791097004,23.833333333333332,29.916666666666664,22.386665980021156,,,0.11611179089887713,0.054765167460494237,0.061346623438382895,,100.0,26.181999969482423,,,,EUROLED.BO,2025-07-25 11:58:10.351495
141,2025-01-02 00:00:00+05:30,28.399999618530273,28.399999618530273,25.049999237060547,26.600000381469727,1650,0.0,0.0,2025-01-02,,,,,,,,,-822,1704.4660438611666,1465.2508287448327,26.144728650017413,,26.683333079020183,28.31666692097982,24.966666539510094,30.03333346048991,23.333332697550457,31.666667302449547,21.616666158040367,,,0.1312016794016202,0.039428511600898504,0.0917731678007217,,100.0,,,,,EUROLED.BO,2025-07-25 11:58:10.351495
142,2025-01-01 00:00:00+05:30,30.5,30.5,24.31999969482422,26.899999618530273,769,0.0,0.0,2025-01-01,,,,,,,,,828,803.3436779281468,1405.4470249657493,25.95435907148312,,27.239999771118164,30.15999984741211,23.979999542236328,33.420000076293945,21.059999465942383,36.34000015258789,17.799999237060547,,,0.08550297438039678,0.01648521965071808,0.0690177547296787,,100.0,,,,,EUROLED.BO,2025-07-25 11:58:10.351495
143,2024-12-31 00:00:00+05:30,28.899999618530273,28.899999618530273,25.31999969482422,25.700000762939453,1559,0.0,0.0,2024-12-31,,,,,,,,,59,1555.9728617251499,1555.9728617251499,25.72546464885823,,26.640000025431316,27.960000356038414,24.38000043233236,30.21999994913737,23.06000010172526,31.54000027974447,20.800000508626304,,,-0.0038460951585079783,-0.0007692190317015957,-0.0030768761268063828,,100.0,,,,,EUROLED.BO,2025-07-25 11:58:10.351495
144,2024-12-30 00:00:00+05:30,24.5,26.5,24.5,25.75,1618,0.0,0.0,2024-12-30,,,,,,,,,1618,,,25.75,,25.583333333333332,26.666666666666664,24.666666666666664,27.583333333333332,23.583333333333332,28.666666666666664,22.666666666666664,,,0.0,0.0,0.0,,,,,,,EUROLED.BO,2025-07-25 11:58:10.351495
