Trading Day,Date,Open,High,Low,Close,Volume,Dividends,Stock Splits,date_only,RollingMean,RollingStd,UpperBand1,LowerBand1,UpperBand2,LowerBand2,CCI_10,CCI_40,OBV,VPT,VPT_signal,VWAP,MFI_14,PP,R1,S1,R2,S2,R3,S3,CMF,%R,macd,macd_signal,macde_histogram,rsi,ADX,sma_5,sma_20,sma_50,sma_100,symbol,created_on
1,2023-12-01 00:00:00+05:30,145.39999389648438,149.5,144.10000610351562,148.39999389648438,83253,0.0,0.0,2023-12-01,136.69499969482422,4.836044173228591,141.53104386805282,131.85895552159562,146.3670880412814,127.02291134836703,151.63210412113466,282.5825535079374,1606608,86730.39632533639,44002.3564178791,150.31872663715308,86.5524344819892,147.33333333333334,150.56666056315106,145.16666666666669,152.73332722981772,141.93333943684897,155.96665445963544,139.7666727701823,0.24713139976482057,-5.379003753886515,2.4711913866242696,1.247496899246456,1.2236944873778137,66.52366056672314,20.356365142393702,143.43999633789062,136.69499969482422,135.34799987792968,,UCAL.NS,2023-12-01 10:55:28.591736
2,2023-11-30 00:00:00+05:30,142.0,143.0,140.10000610351562,142.39999389648438,22082,0.0,0.0,2023-11-30,135.875,4.077843112455522,139.95284311245553,131.79715688754447,144.03068622491105,127.71931377508895,83.43484176913304,180.025054756615,1523355,22074.248737012473,33320.34644101477,150.363868741539,79.97307909840708,141.83333333333334,143.56666056315106,140.66666666666669,144.73332722981772,138.93333943684897,146.46665445963544,137.7666727701823,0.17765919917307546,-28.609662976541443,1.8540558217088403,0.9415732774020023,0.9124825443068381,59.80198470239514,18.230658667118764,141.14999694824218,135.875,135.0829998779297,,UCAL.NS,2023-12-01 10:55:28.591736
3,2023-11-29 00:00:00+05:30,142.64999389648438,143.39999389648438,138.5500030517578,139.85000610351562,26388,0.0,0.0,2023-11-29,135.26000061035157,3.9680156031907323,139.2280162135423,131.29198500716083,143.19603181673304,127.3239694039701,77.84704843408657,164.05153893516965,1501273,25906.36742800651,36131.87086701534,150.41387782275137,74.99190364353024,140.6000010172526,142.64999898274738,137.80000813802081,145.44999186197916,135.75001017252603,147.49998982747394,132.95001729329425,0.14013554942869977,-42.24596356004742,1.6267526238745518,0.7134526413252926,0.9132999825492591,56.34257528281001,17.1600658606797,140.1199981689453,135.26000061035157,134.975,,UCAL.NS,2023-12-01 10:55:28.591736
4,2023-11-28 00:00:00+05:30,144.0500030517578,147.75,140.10000610351562,142.89999389648438,58231,0.0,0.0,2023-11-28,134.7925003051758,3.9495245109721266,138.74202481614793,130.84297579420365,142.69154932712004,126.89345128323154,180.67113547783867,274.136440419478,1527661,58414.95066938897,38688.246726767546,150.4937484086871,81.17680410327695,143.58333333333334,147.06666056315106,139.41666666666669,151.23332722981772,135.93333943684897,154.71665445963544,131.7666727701823,0.15740500773343882,-25.935865748745638,1.562223045290068,0.4851276456879778,1.0770953996020902,62.29699472988671,16.007119761437632,139.9199981689453,134.7925003051758,134.89,,UCAL.NS,2023-12-01 10:55:28.591736
5,2023-11-24 00:00:00+05:30,136.9499969482422,143.75,136.5,143.64999389648438,94155,0.0,0.0,2023-11-24,134.28750076293946,3.4755857939513826,137.76308655689084,130.81191496898808,141.23867235084222,127.3363291750367,161.80994638926288,233.30667715714947,1585892,94948.16051303805,33756.570741112184,150.6225956618769,74.50968911473092,141.29999796549478,146.09999593098956,138.84999593098956,148.54999796549478,134.04999796549478,153.34999593098956,131.59999593098956,0.2185380515790106,-0.6803137705928819,1.1555579984722897,0.21585379578745517,0.9397042026848346,63.83747148073146,14.086297464691699,137.86000061035156,134.28750076293946,134.75100006103514,,UCAL.NS,2023-12-01 10:55:28.591736
6,2023-11-23 00:00:00+05:30,137.5,139.3000030517578,136.0500030517578,136.9499969482422,13174,0.0,0.0,2023-11-23,133.6075012207031,2.8150568587226106,136.42255807942573,130.7924443619805,139.23761493814834,127.97738750325789,89.92078304435103,112.71565488583775,1491737,12665.351340454381,18458.673298130718,150.8192864653068,66.63762691904893,137.43333435058594,138.81666564941406,135.56666564941406,140.68333435058594,134.18333435058594,142.06666564941406,132.31666564941406,-0.022960506332629756,-27.853916911341532,0.5435314158272035,-0.019072254883753456,0.562603670710957,54.50543508628849,12.883211719063425,135.8800018310547,133.6075012207031,134.65300018310546,,UCAL.NS,2023-12-01 10:55:28.591736
7,2023-11-22 00:00:00+05:30,138.85000610351562,139.6999969482422,135.0,137.25,20609,0.0,0.0,2023-11-22,133.33250122070314,2.738962579595415,136.07146380029855,130.59353864110773,138.81042637989395,127.8545760615123,108.63307536088679,116.12962240123075,1504911,19856.68873708532,19907.003787549802,150.87424500895932,61.372419425681244,137.31666564941406,139.63333129882812,134.93333435058594,142.01666259765625,132.61666870117188,144.3333282470703,130.23333740234375,-0.039294582999866004,-25.11416225044209,0.4115647872550312,-0.1597231725614927,0.5712879598165239,55.0965938803966,12.913143257527302,135.79000244140624,133.33250122070314,134.68300018310546,,UCAL.NS,2023-12-01 10:55:28.591736
8,2023-11-21 00:00:00+05:30,133.10000610351562,139.1999969482422,133.10000610351562,138.85000610351562,41074,0.0,0.0,2023-11-21,133.10250091552734,2.581283044801942,135.6837839603293,130.5212178707254,138.26506700513121,127.93993482592346,108.32554453708458,107.96082884495945,1525520,40035.97945156835,19919.58255016592,150.9592282459105,59.90285442237138,137.0500030517578,141.0,134.90000915527344,143.14999389648438,130.95001220703125,147.09999084472656,128.80001831054688,-0.06575666306380167,-10.502230292118798,0.2068259275879143,-0.3025451625156237,0.509371090103538,58.22397066407835,12.945377222026861,135.60000305175782,133.10250091552734,134.7050003051758,,UCAL.NS,2023-12-01 10:55:28.591736
9,2023-11-20 00:00:00+05:30,134.14999389648438,136.14999389648438,132.0500030517578,132.60000610351562,14713,0.0,0.0,2023-11-20,133.04000091552734,2.4464048059861168,135.48640572151345,130.59359610954124,137.93281052749958,128.1471913035551,-16.163805860696304,-31.945542870253583,1484446,13695.64009544964,14890.48332481531,151.11166160274345,49.89011263513341,133.6000010172526,135.14999898274738,131.05000813802081,137.69999186197916,129.50001017252603,139.24998982747394,126.95001729329425,-0.1924193392318332,-67.57987177039627,-0.21601193971980592,-0.4298879350415082,0.21387599532170226,47.392781275789055,13.143896179576757,134.18000183105468,133.04000091552734,134.7090002441406,,UCAL.NS,2023-12-01 10:55:28.591736
10,2023-11-17 00:00:00+05:30,136.9499969482422,137.14999389648438,133.1999969482422,133.75,10578,0.0,0.0,2023-11-17,133.13500061035157,2.4652376427779323,135.6002382531295,130.66976296757363,138.06547589590744,128.2045253247957,24.13099249169276,7.968956821348805,1499159,9931.958794734519,15189.194132156726,151.19551217007913,50.29551946555138,134.6999969482422,136.1999969482422,132.25,138.64999389648438,130.75,140.14999389648438,128.3000030517578,-0.17572772098026457,-56.81818181818182,-0.1385693313528975,-0.4833569338719337,0.3447876025190362,49.589486279004355,13.849870510323226,133.86000061035156,133.13500061035157,134.80800018310546,,UCAL.NS,2023-12-01 10:55:28.591736
11,2023-11-16 00:00:00+05:30,137.0500030517578,138.0,135.5,136.5,14754,0.0,0.0,2023-11-16,133.18000030517578,2.485187878411763,135.66518818358753,130.69481242676403,138.1503760619993,128.20962454835225,106.26271566228411,79.09272982886982,1509737,14137.739860617461,16503.50296651228,151.2525106698143,53.913804065495846,136.66666666666666,137.83333333333331,135.33333333333331,139.16666666666666,134.16666666666666,140.33333333333331,132.83333333333331,-0.1950158656276273,-31.818181818181817,-0.15057676451638713,-0.5695538345016927,0.4189770699853056,55.27892321307968,14.782312526176446,133.3300018310547,133.18000030517578,134.89900024414064,,UCAL.NS,2023-12-01 10:55:28.591736
12,2023-11-15 00:00:00+05:30,133.85000610351562,137.0,131.75,136.3000030517578,39799,0.0,0.0,2023-11-15,133.3400001525879,2.7940065201447455,136.13400667273262,130.54599363244316,138.9280131928774,127.7519871122984,64.49426153225286,17.624612627162318,1494983,38080.75772320222,17094.943742985983,151.3200466937951,48.21794402326174,135.01666768391928,138.28333536783856,133.03333536783856,140.26666768391928,129.76666768391928,143.53333536783856,127.78333536783856,-0.1943898546197204,-31.489335729720743,-0.4345017847860788,-0.6742981019980192,0.2397963172119404,54.92971649763464,14.818124428068632,132.47000122070312,133.3400001525879,134.99300018310547,,UCAL.NS,2023-12-01 10:55:28.591736
13,2023-11-13 00:00:00+05:30,132.0,132.75,131.10000610351562,131.75,7240,0.0,0.0,2023-11-13,133.4900001525879,3.031700874466988,136.5217010270549,130.4582992781209,139.55340190152188,127.42659840365393,-47.53185744715739,-99.4470346818128,1455184,6696.174239628654,11848.490247931923,151.50784843781605,30.800472338705447,131.86666870117188,132.63333129882812,130.98333740234375,133.51666259765625,130.2166748046875,134.2833251953125,129.33334350585938,-0.30119101047594854,-70.2127659574468,-0.7717318190956348,-0.7342471813010043,-0.037484637794630515,46.02648281606731,15.203296401875976,132.57000122070312,133.4900001525879,135.03300018310546,,UCAL.NS,2023-12-01 10:55:28.591736
14,2023-11-10 00:00:00+05:30,132.85000610351562,133.35000610351562,129.0500030517578,131.0,11819,0.0,0.0,2023-11-10,133.80999984741212,3.1728530969446047,136.98285294435672,130.6371467504675,140.15570604130133,127.4642936535229,-73.78673359657277,-133.11393087983663,1447944,10868.999881850155,13136.569250007738,151.55289103564294,26.353571665668255,131.13333638509116,133.2166697184245,128.91666666666669,135.43333943684897,126.83333333333334,137.5166727701823,124.61666361490887,-0.2318067340415104,-76.59574468085107,-0.7436891864234667,-0.7248760218523467,-0.018813164571120033,44.34366432476131,15.310625574514665,133.32000122070312,133.80999984741212,135.20400024414062,,UCAL.NS,2023-12-01 10:55:28.591736
15,2023-11-09 00:00:00+05:30,130.0500030517578,133.5500030517578,130.0500030517578,131.10000610351562,16878,0.0,0.0,2023-11-09,133.93249969482423,3.105227489027787,137.037727183852,130.82727220579645,140.1429546728798,127.72204471676865,-67.72610412580005,-124.74287132137502,1459763,15533.211305150822,13703.461592047131,151.62966573746758,33.07959405234983,131.5666707356771,133.08333841959637,129.58333841959637,135.0666707356771,128.0666707356771,136.58333841959637,126.08333841959637,-0.2517812674511441,-75.74462890625,-0.6226544644958665,-0.7201727307095667,0.09751826621370019,44.515503388503646,15.426210837356331,134.21000061035156,133.93249969482423,135.38400024414062,,UCAL.NS,2023-12-01 10:55:28.591736
16,2023-11-08 00:00:00+05:30,136.8000030517578,137.9499969482422,132.0,132.1999969482422,19106,0.0,0.0,2023-11-08,134.03249969482422,3.040743875820238,137.07324357064445,130.991755819004,140.1139874464647,127.95101194318374,40.80923344094522,-36.622571524896706,1476641,17731.226365774113,13246.024163771206,151.7397664472611,35.13040889187056,134.04999796549478,136.09999593098956,130.14999898274738,139.99999491373697,128.1000010172526,142.04999287923175,124.20000203450519,-0.25767110327560616,-66.38300469581117,-0.46810827063939087,-0.7445522972629917,0.2764440266236008,46.35013699087073,15.922719841379383,134.12999877929687,134.03249969482422,135.55300018310547,,UCAL.NS,2023-12-01 10:55:28.591736
17,2023-11-07 00:00:00+05:30,136.0,140.0,132.1999969482422,136.8000030517578,12089,0.0,0.0,2023-11-07,134.1125,3.0108953944026693,137.12339539440268,131.10160460559734,140.13429078880534,128.09070921119468,150.94198215031528,41.85791265222762,1495747,11609.514021215335,12124.723613270478,151.8591161153881,35.38469905498795,136.33333333333334,140.4666697184245,132.66666666666669,144.13333638509116,128.53333028157553,148.2666727701823,124.86666361490887,-0.19608883017635884,-32.941152535232845,-0.37148219244559755,-0.8136633039188919,0.4421811114732943,55.1811195103987,17.0457640236067,134.08999938964843,134.1125,135.6720001220703,,UCAL.NS,2023-12-01 10:55:28.591736
18,2023-11-06 00:00:00+05:30,137.85000610351562,137.85000610351562,131.10000610351562,135.5,13064,0.0,0.0,2023-11-06,133.87750015258788,2.973278280292962,136.85077843288084,130.90422187229493,139.8240567131738,127.93094359200197,104.3516883622563,-13.600155382887424,1483658,12426.620132839833,12253.526011284264,151.91754175462987,33.97307088577938,134.8166707356771,138.53333536783856,131.78333536783856,141.5666707356771,128.0666707356771,145.28333536783856,125.03333536783856,-0.23478312558905495,-46.49447699526921,-0.6951739177945626,-0.9242085817872154,0.22903466399265282,52.82229489212794,18.170334564721575,132.75,133.87750015258788,135.69600006103516,,UCAL.NS,2023-12-01 10:55:28.591736
19,2023-11-03 00:00:00+05:30,132.9499969482422,137.0,132.9499969482422,135.4499969482422,19790,0.0,0.0,2023-11-03,133.8125,2.9500605608485038,136.7625605608485,130.8624394391515,139.712621121697,127.91237887830299,85.83305695274933,-6.474408138368527,1470594,18817.51840668459,12210.252480895371,151.98666477080673,44.57769554516514,135.13333129882812,137.31666564941406,133.26666259765625,139.18333435058594,131.0833282470703,141.36666870117188,129.21665954589844,-0.26229993028691695,-46.863503124391194,-0.9710338729122441,-0.9814672477853785,0.010433374873134449,52.73345039846584,18.839456649564983,131.75,133.8125,135.765,,UCAL.NS,2023-12-01 10:55:28.591736
20,2023-11-02 00:00:00+05:30,132.25,135.89999389648438,130.0,130.6999969482422,13717,0.0,0.0,2023-11-02,133.725,2.9247800153169847,136.649780015317,130.800219984683,139.57456003063396,127.87543996936603,-32.90207875967553,-101.04997192492915,1450804,12585.5520993127,10558.435999448066,152.09281256531017,45.11224170538912,132.1999969482422,134.39999389648438,128.5,138.09999084472656,126.30000305175781,140.29998779296875,122.60000610351562,-0.3512289142912029,-81.9188457826631,-1.3045810319744646,-0.9840755915036621,-0.32050544047080254,43.317045980719314,20.265528016754743,131.22000122070312,133.725,135.86600006103515,,UCAL.NS,2023-12-01 10:55:28.591736
21,2023-11-01 00:00:00+05:30,132.5,134.5500030517578,130.10000610351562,132.0,11862,0.0,0.0,2023-11-01,133.99250030517578,2.87783079935044,136.87033110452623,131.11466950582533,139.74816190387665,128.2368387064749,-40.75731734875145,-104.77921170739143,1464521,10991.814907296286,10051.656974481906,152.18841761114214,50.88947239331405,132.21666971842447,134.33333333333331,129.88333638509113,136.66666666666666,127.76667277018228,138.7833302815755,125.43333943684894,-0.2570094552404614,-72.32472948031166,-1.2440530608953964,-0.9039492313859614,-0.34010382950943496,45.62708314652045,21.36147258904018,131.09000244140626,133.99250030517578,135.985,,UCAL.NS,2023-12-01 10:55:28.591736
22,2023-10-31 00:00:00+05:30,133.0,133.0,130.0,130.10000610351562,7642,0.0,0.0,2023-10-31,134.06500015258788,2.8430471047134636,136.90804725730135,131.22195304787442,139.7510943620148,128.37890594316096,-82.86201057786,-144.67974254908506,1452659,6979.461340419035,9816.617491278312,152.26674174128672,50.51805369000781,131.03333536783853,132.06667073567706,129.06667073567706,134.03333536783853,128.03333536783853,135.06667073567706,126.06667073567706,-0.2624546261847175,-86.3468214992348,-1.2757402308855887,-0.8189232740086025,-0.4568169568769862,41.38483896300539,21.906848630933236,130.9800018310547,134.06500015258788,135.9979998779297,,UCAL.NS,2023-12-01 10:55:28.591736
23,2023-10-30 00:00:00+05:30,133.0,134.6999969482422,129.0,130.5,13209,0.0,0.0,2023-10-30,134.2324996948242,2.691813604557746,136.92431329938196,131.54068609026646,139.61612690393972,128.8488724857087,-93.31622570794627,-141.5213919305109,1460301,12100.909350151236,10525.90652899313,152.3222849553661,53.92165522948137,131.3999989827474,133.7999979654948,128.10000101725262,137.0999959309896,125.70000203450522,139.499994913737,122.40000406901044,-0.23439697413951632,-83.394837688187,-1.1098594021906933,-0.704719034789356,-0.4051403674013373,42.025828622595355,21.698584731815497,131.48999938964843,134.2324996948242,136.0109997558594,,UCAL.NS,2023-12-01 10:55:28.591736
24,2023-10-27 00:00:00+05:30,135.0,135.0,130.25,132.8000030517578,4185,0.0,0.0,2023-10-27,134.40249938964843,2.547158968043668,136.9496583576921,131.85534042160475,139.49681732573578,129.30818145356108,-83.69015582289275,-109.85104462180821,1473510,3901.4954347351722,10132.155823703602,152.41720926041134,56.107922118257356,132.68333435058594,135.11666870117188,130.36666870117188,137.43333435058594,127.93333435058594,139.86666870117188,125.61666870117188,-0.21486990660714297,-66.42064924725202,-0.920058961285207,-0.6034339429390218,-0.3166250183461853,45.81458492240303,21.47430053276562,132.91000061035157,134.40249938964843,136.03599975585936,,UCAL.NS,2023-12-01 10:55:28.591736
25,2023-10-26 00:00:00+05:30,131.0,133.85000610351562,128.25,130.0500030517578,8226,0.0,0.0,2023-10-26,134.41249923706056,2.5409215842336708,136.95342082129423,131.8715776528269,139.4943424055279,129.3306560685932,-156.48134935380176,-175.89795758091188,1469325,7509.942773059218,11689.82092094571,152.44428241278322,52.73324759345423,130.71666971842447,133.18333943684894,127.58333333333331,136.3166758219401,125.11666361490884,138.78334554036456,121.98332722981769,-0.22348301491737618,-86.7158476283568,-0.889632046415926,-0.5242776883524753,-0.3653543580634506,39.787809820119115,21.622239395274633,133.25,134.41249923706056,136.0179995727539,,UCAL.NS,2023-12-01 10:55:28.591736
26,2023-10-25 00:00:00+05:30,132.6999969482422,136.0,130.0,131.4499969482422,21956,0.0,0.0,2023-10-25,134.67999877929688,2.3303717806047692,137.01037055990165,132.34962699869212,139.3407423405064,130.01925521808735,-133.27231681829622,-132.66179410238485,1477551,20260.55594823386,12734.790457917334,152.5051956523814,59.697448261999476,132.48333231608072,134.96666463216144,128.96666463216144,138.48333231608072,126.48333231608072,140.96666463216144,122.96666463216144,-0.20717388935492312,-87.71189344712766,-0.5663637683421143,-0.43293909883661263,-0.1334246695055017,41.995917848956815,21.221790917239357,134.1699981689453,134.67999877929688,136.02999938964842,,UCAL.NS,2023-12-01 10:55:28.591736
27,2023-10-23 00:00:00+05:30,138.6999969482422,140.0,132.0500030517578,132.64999389648438,10278,0.0,0.0,2023-10-23,134.84749908447264,2.202897401068512,137.05039648554117,132.64460168340412,139.25329388660967,130.44170428233562,-51.4212107134387,-63.01927566557163,1499507,9570.913769576528,10853.3490853382,152.65917517345298,70.9785529516249,134.8999989827474,137.749994913737,129.7999979654948,142.8499959309896,126.95000203450522,145.69999186197919,121.85000101725262,-0.15664886786363222,-91.04483957020331,-0.28177932988103294,-0.39958293146023716,0.11780360157920422,43.93665070311575,21.320220944800692,135.81999816894532,134.84749908447264,136.1109994506836,,UCAL.NS,2023-12-01 10:55:28.591736
28,2023-10-20 00:00:00+05:30,134.5,139.8000030517578,134.35000610351562,137.60000610351562,12330,0.0,0.0,2023-10-20,135.01749954223632,2.1550597239294778,137.1725592661658,132.86243981830685,139.3276189900953,130.70738009437736,42.64383180714792,9.235865445212934,1509785,11910.200853656686,11173.957914278619,152.72791012792467,76.4835064131251,137.25000508626303,140.15000406901044,134.70000712076825,142.70000203450522,131.80000813802084,145.60000101725262,129.25001017252606,-0.12087886350122974,-41.79100172021918,-0.031337144786107274,-0.4290338318550382,0.3976966870689309,53.38661942636345,22.128495424556586,137.15,135.01749954223632,136.27499969482423,,UCAL.NS,2023-12-01 10:55:28.591736
29,2023-10-19 00:00:00+05:30,138.39999389648438,138.39999389648438,134.0,134.5,5783,0.0,0.0,2023-10-19,135.02749938964843,2.1680982639757707,137.1955976536242,132.85940112567266,139.36369591759996,130.6913028616969,-3.3090117488598,-43.540385496898836,1497455,5460.25634723327,10989.897179434101,152.7905102212309,72.09443968454353,135.63333129882812,137.26666259765625,132.86666870117188,140.0333251953125,131.23333740234375,141.66665649414062,128.4666748046875,-0.14417920758352085,-70.87379503748772,-0.19772165327691482,-0.5284580036222709,0.3307363503453561,46.72291562070733,23.737470371128,137.25999755859374,135.02749938964843,136.3209994506836,,UCAL.NS,2023-12-01 10:55:28.591736
30,2023-10-18 00:00:00+05:30,141.0,141.0,134.0,134.64999389648438,17537,0.0,0.0,2023-10-18,135.19249954223633,2.249869838411586,137.44236938064793,132.94262970382474,139.6922392190595,130.69275986541317,29.994274715225373,-18.283039787594475,1503238,16576.742671469627,12372.307387484308,152.82607792797927,75.8845322703912,136.54999796549478,139.09999593098956,132.09999593098956,143.54999796549478,129.54999796549478,146.09999593098956,125.09999593098956,-0.10845990314410912,-69.4175440467778,-0.10244482966092505,-0.6111420912086099,0.5086972615476848,47.024965349605615,25.02979264296846,137.04999694824218,135.19249954223633,136.47499938964845,,UCAL.NS,2023-12-01 10:55:28.591736
31,2023-10-17 00:00:00+05:30,141.8000030517578,141.8000030517578,138.25,139.6999969482422,8265,0.0,0.0,2023-10-17,135.3599998474121,2.330608582211492,137.69060842962358,133.02939126520062,140.0212170118351,130.6987826829891,156.18540524453516,84.2944245572529,1520775,8105.444012025784,11321.198566487978,152.9338983673874,82.83621014827138,139.91666666666666,141.58333333333331,138.0333302815755,143.46666971842447,136.36666361490884,145.13333638509113,134.4833272298177,0.017998837717150704,-19.444495464043662,0.006318444552135816,-0.7383164065955311,0.7446348511476669,58.935832219968134,26.421524320335102,136.73999938964843,135.3599998474121,136.60699951171875,,UCAL.NS,2023-12-01 10:55:28.591736
32,2023-10-16 00:00:00+05:30,138.9499969482422,141.5,135.5,139.3000030517578,20827,0.0,0.0,2023-10-16,135.13249969482422,2.0948105325924105,137.22731022741664,133.0376891622318,139.32212076000903,130.9428786296394,200.53425207943667,54.11152656048791,1512510,20366.4529709543,12125.137205103527,152.97099991946044,82.7983210844193,138.76666768391928,142.03333536783856,136.03333536783856,144.76666768391928,132.76666768391928,148.03333536783856,130.03333536783856,-0.007609521531910468,-20.952351888020832,-0.35187612529597345,-0.9244751193824478,0.5725989940864743,58.15630946413905,27.01622765983397,135.56000061035155,135.13249969482422,136.63199951171876,,UCAL.NS,2023-12-01 10:55:28.591736
33,2023-10-13 00:00:00+05:30,135.6999969482422,139.0,134.60000610351562,138.14999389648438,21162,0.0,0.0,2023-10-13,135.01749954223632,1.9088624973171915,136.9263620395535,133.10863704491913,138.8352245368707,131.19977454760195,228.514819255361,14.140949295135464,1491683,20523.20276215686,10064.808263640834,153.06826730319295,73.40428768660612,137.25,139.89999389648438,135.5,141.64999389648438,132.85000610351562,144.29998779296875,131.10000610351562,-0.03212054592246649,-10.625076293945312,-0.7657489237765844,-1.0676248679040663,0.30187594412748187,55.92255545329199,27.771650089601422,134.12000122070313,135.01749954223632,136.69699951171876,,UCAL.NS,2023-12-01 10:55:28.591736
34,2023-10-12 00:00:00+05:30,133.14999389648438,136.75,133.0,133.4499969482422,6909,0.0,0.0,2023-10-12,134.8900001525879,1.768630688993459,136.65863084158136,133.12136946359445,138.4272615305748,131.352738774601,44.85578257435169,-60.097096457220815,1470521,6472.488934137405,7450.209639011827,153.17690152571717,62.80405137524178,134.3999989827474,135.7999979654948,132.0499979654948,138.1499989827474,130.6499989827474,139.5499979654948,128.2999979654948,-0.08314345608956127,-69.37503814697266,-1.170770787997185,-1.1430938539359368,-0.02767693406124816,44.724151940646486,29.6414397920075,133.3300018310547,134.8900001525879,137.0479995727539,,UCAL.NS,2023-12-01 10:55:28.591736
35,2023-10-11 00:00:00+05:30,133.0500030517578,136.9499969482422,132.25,133.10000610351562,10409,0.0,0.0,2023-10-11,135.0150001525879,1.749744639191537,136.76474479177944,133.26525551339637,138.51448943097097,131.51551087420484,17.610167913759348,-64.66641220261651,1463612,9725.784438134307,7694.639815230432,153.22391250045754,62.14889494561487,134.1000010172526,135.9500020345052,131.250005086263,138.79999796549478,129.4000040690104,140.64999898274738,126.55000813802081,-0.08530692542550693,-75.99993024553571,-1.2087040694376014,-1.1361746204206247,-0.07252944901697678,43.73569404753998,30.993364423950922,133.3800018310547,135.0150001525879,137.48399963378907,,UCAL.NS,2023-12-01 10:55:28.591736
36,2023-10-10 00:00:00+05:30,134.9499969482422,134.9499969482422,131.75,133.8000030517578,3843,0.0,0.0,2023-10-10,135.2974998474121,1.87584955975574,137.17334940716785,133.42165028765635,139.04919896692357,131.54580072790063,-57.4826046370777,-79.45652575363881,1474021,3609.6414373019056,7186.853659504463,153.2964242664332,60.389417577707995,133.5,135.25,132.0500030517578,136.6999969482422,130.3000030517578,138.4499969482422,128.85000610351562,-0.09594684301973129,-67.99996512276786,-1.2044876712793382,-1.1180422581663805,-0.08644541311295773,45.238046800616544,32.44928325835153,133.97000122070312,135.2974998474121,138.04899963378907,,UCAL.NS,2023-12-01 10:55:28.591736
37,2023-10-09 00:00:00+05:30,134.1999969482422,134.1999969482422,132.0,132.10000610351562,6522,0.0,0.0,2023-10-09,135.52999954223634,1.9664560562456557,137.496455598482,133.5635434859907,139.46291165472766,131.59708742974502,-143.2909152201713,-103.49380530424551,1470178,6048.130981148188,8081.156715055102,153.3223953820625,64.27457085546125,132.76666768391928,133.53333536783856,131.33333841959637,134.96666463216147,130.5666707356771,135.73333231608075,129.13334147135419,-0.1528231589678936,-87.42850167410714,-1.2497786841266532,-1.0964309048881409,-0.15334777923851228,40.63974065768111,32.80473252536922,133.9,135.52999954223634,138.17199951171875,,UCAL.NS,2023-12-01 10:55:28.591736
38,2023-10-06 00:00:00+05:30,133.5,136.8000030517578,132.1999969482422,134.1999969482422,6511,0.0,0.0,2023-10-06,135.84249954223634,1.8877234411872486,137.7302229834236,133.95477610104908,139.61794642461084,132.06705265986184,-13.435775059314098,-65.48900691854237,1476700,6133.915049836627,8589.41314853183,153.37048189906105,63.12895843640381,134.3999989827474,136.60000101725262,131.999994913737,139.00000508626303,129.79999287923178,141.20000712076825,127.39998881022137,-0.11128788650130196,-64.04495345208909,-1.1214049225796145,-1.0580939600785126,-0.06331096250110191,44.9712538191158,32.681145021467174,134.1699981689453,135.84249954223634,138.27899932861328,,UCAL.NS,2023-12-01 10:55:28.591736
39,2023-10-05 00:00:00+05:30,137.85000610351562,137.85000610351562,133.5,133.6999969482422,16067,0.0,0.0,2023-10-05,136.08499984741212,1.9751166794295536,138.06011652684168,134.10988316798256,140.03523320627122,132.13476648855303,7.335537708108805,-52.629046027547744,1470189,15080.08351694046,9203.287673205632,153.41394418247995,69.21107155680065,135.01666768391928,136.53333536783856,132.18332926432294,139.3666737874349,130.66666158040366,140.88334147135419,127.83332316080731,-0.13840170108691857,-69.66293483292472,-1.1468739031465986,-1.042266219453237,-0.1046076836933616,43.643245763277825,32.61321779806839,134.10999755859376,136.08499984741212,138.44399932861327,,UCAL.NS,2023-12-01 10:55:28.591736
40,2023-10-04 00:00:00+05:30,135.9499969482422,136.35000610351562,132.5,136.0500030517578,13144,0.0,0.0,2023-10-04,136.2775001525879,1.9172005394337153,138.1947006920216,134.36029961315418,140.11190123145533,132.44309907372045,-8.37202422061721,-57.36717617226031,1486256,12553.466327991875,7734.088712271925,153.52485569817193,49.43043966849143,134.96666971842447,137.43333943684894,133.58333333333331,138.8166758219401,131.11666361490884,141.28334554036456,129.7333272298177,-0.10869441446554942,-39.499969482421875,-1.1128626145824114,-1.0161142985298965,-0.09674831605251488,48.781021677888006,32.97216969502197,133.96999816894532,136.2775001525879,,,UCAL.NS,2023-12-01 10:55:28.591736
41,2023-10-03 00:00:00+05:30,135.4499969482422,135.60000610351562,132.10000610351562,133.4499969482422,4319,0.0,0.0,2023-10-03,136.3900001525879,1.968477080410906,138.3584772329988,134.421523072177,140.32695431340971,132.4530459917661,-73.55831088042865,-92.81004386813272,1473112,4046.125301279412,6529.244308341937,153.60565596467535,40.678594915714065,133.71666971842447,135.33333333333331,131.83333333333331,137.21666971842447,130.21666971842447,138.83333333333331,128.33333333333331,-0.22913127326405833,-68.34863412763075,-1.2838962990459493,-0.9919272195167679,-0.2919690795291814,41.73421197648639,32.37829643477135,133.83999633789062,136.3900001525879,,,UCAL.NS,2023-12-01 10:55:28.591736
42,2023-09-29 00:00:00+05:30,135.64999389648438,135.64999389648438,131.5,133.4499969482422,4633,0.0,0.0,2023-09-29,136.7775001525879,2.11650734688068,138.89400749946856,134.66099280570722,141.01051484634925,132.54448545882653,-97.56868337521415,-102.77818395645782,1477431,4340.286761015864,7150.0240601075675,153.63632585830487,45.3940597009095,133.53333028157553,135.56666056315106,131.41666666666669,137.6833241780599,129.38333638509116,139.71665445963544,127.26667277018231,-0.19659900642512546,-71.00841413657008,-1.2273570621561305,-0.9189349496344725,-0.30842211252165797,41.73421197648639,31.213918448057534,134.10999755859376,136.7775001525879,,,UCAL.NS,2023-12-01 10:55:28.591736
43,2023-09-28 00:00:00+05:30,135.8000030517578,136.0,132.0,133.89999389648438,4861,0.0,0.0,2023-09-28,137.02000045776367,1.9892086919365197,139.00920914970018,135.03079176582716,140.99841784163672,133.04158307389062,-103.78191252737616,-97.48585014494775,1482064,4569.237516848132,7852.458384880493,153.66932944786362,52.57867573865609,133.96666463216147,135.93332926432294,131.93332926432294,137.96666463216147,129.96666463216147,139.93332926432294,127.93332926432294,-0.23193057707258266,-67.22692523702425,-1.1363733867114831,-0.8418294215040579,-0.2945439652074252,42.60906158304291,29.959972923904193,134.62999877929687,137.02000045776367,,,UCAL.NS,2023-12-01 10:55:28.591736
44,2023-09-27 00:00:00+05:30,135.39999389648438,136.89999389648438,131.0,133.0,5539,0.0,0.0,2023-09-27,137.34000091552736,1.9756150727284165,139.3156159882558,135.36438584279892,141.2912310609842,133.38877077007052,-144.8496713021884,-107.36130446807057,1477203,5171.548022339851,8673.263601888582,153.70330017613531,42.79645266207024,133.63333129882812,136.26666259765625,130.36666870117188,139.5333251953125,127.73333740234375,142.16665649414062,124.4666748046875,-0.2341450123575681,-74.7899030361159,-1.0469868140113476,-0.7681934302022015,-0.2787933838091461,40.28431892126903,28.725339013422364,135.41000061035157,137.34000091552736,,,UCAL.NS,2023-12-01 10:55:28.591736
45,2023-09-26 00:00:00+05:30,136.4499969482422,137.89999389648438,132.60000610351562,135.39999389648438,8253,0.0,0.0,2023-09-26,137.69000091552735,1.7762768658490313,139.4662777813764,135.9137240496783,141.2425546472254,134.1374471838293,-86.54855225864077,-74.76201482340524,1482742,7844.550182992995,9548.692496775766,153.74391731252237,48.97308848904245,135.29999796549478,137.99998982747394,132.7000020345052,140.59998575846353,130.00001017252603,143.2999776204427,127.40001424153644,-0.25424446182112276,-54.621876755082205,-0.8280457150064819,-0.698495084249915,-0.12955063075656692,44.775448126006744,27.3957332636727,136.37000122070313,137.69000091552735,,,UCAL.NS,2023-12-01 10:55:28.591736
46,2023-09-25 00:00:00+05:30,137.6999969482422,137.6999969482422,131.0500030517578,134.8000030517578,9360,0.0,0.0,2023-09-25,137.89750137329102,1.736638882847393,139.6341402561384,136.16086249044363,141.3707791389858,134.42422360759625,-159.5890575601586,-92.53969636597974,1474489,8857.339807616065,9974.728075221457,153.7976964453676,41.124564512960156,134.51666768391928,137.98333231608075,131.33333841959637,141.16666158040366,127.8666737874349,144.63332621256512,124.683344523112,-0.2661687764661796,-59.66381921274866,-0.7715516505554376,-0.6661074265607733,-0.10544422399466435,43.308229368542335,26.32067027402273,136.89000244140624,137.89750137329102,,,UCAL.NS,2023-12-01 10:55:28.591736
47,2023-09-22 00:00:00+05:30,138.0,139.0,134.0,136.0500030517578,7672,0.0,0.0,2023-09-22,138.06500091552735,1.5763133583127797,139.64131427384012,136.48868755721458,141.2176276321529,134.9123741989018,-66.16972914134418,-62.42677968883578,1483849,7327.312360647723,10254.075142122805,153.8610736178209,38.45654003582518,136.3500010172526,138.7000020345052,133.7000020345052,141.3500010172526,131.3500010172526,143.7000020345052,128.7000020345052,-0.2954934031091629,-49.15961214446362,-0.6284419446858749,-0.6397463705621071,0.01130442587623226,45.65474055242656,25.053370950662703,136.96000061035156,138.06500091552735,,,UCAL.NS,2023-12-01 10:55:28.591736
48,2023-09-21 00:00:00+05:30,139.75,139.75,136.5500030517578,137.8000030517578,4905,0.0,0.0,2023-09-21,138.16250076293946,1.5037566395955555,139.66625740253502,136.6587441233439,141.17001404213056,135.15498748374836,32.836613592863834,-31.67941942772809,1491521,4744.8861316189195,10985.765837491575,153.90991004946616,43.49638494146269,138.03333536783853,139.51666768391925,136.31667073567706,141.23333231608072,134.83333841959634,142.71666463216144,133.11667378743488,-0.3323206961538688,-36.06553276325482,-0.5588023675546197,-0.6425724770311652,0.0837701094765455,49.11415186561138,24.392834166480643,137.15,138.16250076293946,,,UCAL.NS,2023-12-01 10:55:28.591736
49,2023-09-20 00:00:00+05:30,138.5,139.0,135.0,137.8000030517578,5548,0.0,0.0,2023-09-20,138.22000045776366,1.5111344282495949,139.73113488601325,136.70886602951407,141.24226931426284,135.19773160126448,-23.150576748403314,-48.313164482835134,1496426,5366.896688730228,12545.985763959738,153.93820046592353,39.66196971070415,137.26666768391928,139.53333536783856,135.53333536783856,141.26666768391928,133.26666768391928,143.53333536783856,131.53333536783856,-0.35505204860519374,-39.06249068677647,-0.633524388234207,-0.6635150044003015,0.029990616166094552,49.11415186561138,24.43388433684809,136.71000061035156,138.22000045776366,,,UCAL.NS,2023-12-01 10:55:28.591736
50,2023-09-18 00:00:00+05:30,135.14999389648438,138.89999389648438,134.0,138.0,14580,0.0,0.0,2023-09-18,138.3550003051758,1.5901757410342634,139.94517604621007,136.76482456414152,141.5353517872443,135.17464882310728,-44.20491952398604,,1501974,14124.53522712994,14340.758032767113,153.97031948450797,35.709477407147915,136.96666463216147,139.93332926432294,135.03333536783856,141.86665852864584,132.0666707356771,144.8333231608073,130.13334147135419,-0.32457207763709295,-37.98446678195535,-0.7195923633734651,-0.6710126584418252,-0.04857970493163988,49.48364003855676,24.07846819887756,136.33999938964843,138.3550003051758,,,UCAL.NS,2023-12-01 10:55:28.591736
51,2023-09-15 00:00:00+05:30,139.89999389648438,139.89999389648438,134.4499969482422,135.14999389648438,8355,0.0,0.0,2023-09-15,138.2875,1.6340845606079937,139.92158456060798,136.653415439392,141.55566912121597,135.01933087878402,-80.48418424262918,,1487394,7926.839053674408,14394.813734176405,154.0542885614842,34.772531583616455,136.49999491373697,138.54999287923175,133.09999593098956,141.94999186197916,131.04999796549478,143.99998982747394,127.64999898274738,-0.3126749569020219,-60.38466233473558,-0.8385792073048037,-0.6588677322089153,-0.17971147509588847,43.89900727341017,23.64388754922112,136.48999938964843,138.2875,,,UCAL.NS,2023-12-01 10:55:28.591736
52,2023-09-14 00:00:00+05:30,135.10000610351562,138.3000030517578,135.10000610351562,137.0,7864,0.0,0.0,2023-09-14,138.1625,1.9515101465640885,140.11401014656408,136.2109898534359,142.06552029312817,134.25947970687182,-85.76379354899977,,1495749,7563.1310851586095,16011.807404301902,154.11141875229129,42.063968544641085,136.8000030517578,138.5,135.3000030517578,140.0,133.60000610351562,141.6999969482422,132.10000610351562,-0.29086892798802566,-46.15384615384615,-0.697530259305438,-0.6139398634349431,-0.08359039587049488,47.033073084137584,23.29641555848157,137.15,138.1625,,,UCAL.NS,2023-12-01 10:55:28.591736
53,2023-09-13 00:00:00+05:30,138.8000030517578,140.0,130.0,135.60000610351562,29772,0.0,0.0,2023-09-13,137.85,2.5546662176733674,140.40466621767337,135.29533378232662,142.95933243534674,132.74066756465325,-199.36108036606743,,1487885,28340.354287130667,18123.976484087725,154.16023061341687,36.89850697140438,135.20000203450522,140.40000406901044,130.40000406901044,145.20000203450522,125.20000203450522,150.40000406901044,120.40000406901044,-0.31330192573571397,-56.92302997295673,-0.6885737942690753,-0.5930422644673194,-0.09553152980175583,44.235490450841596,22.138726545077912,137.4200012207031,137.85,,,UCAL.NS,2023-12-01 10:55:28.591736
54,2023-09-12 00:00:00+05:30,140.89999389648438,140.89999389648438,135.0,135.9499969482422,8519,0.0,0.0,2023-09-12,137.65749969482422,2.8599454384438245,140.51744513326804,134.7975542563804,143.37739057171189,131.93760881793656,-166.249902803176,,1517657,8130.277632949898,15569.882033326987,154.3628601509631,39.283351519144084,137.28333028157553,139.56666056315106,133.66666666666669,143.1833241780599,131.38333638509116,145.46665445963544,127.76667277018231,-0.34948328129441497,-88.12503814697266,-0.5287956818904149,-0.5691593820168805,0.04036370012646562,44.78460406497515,20.891984530643207,138.11000061035156,137.65749969482422,,,UCAL.NS,2023-12-01 10:55:28.591736
55,2023-09-11 00:00:00+05:30,140.9499969482422,141.89999389648438,138.0,138.75,14569,0.0,0.0,2023-09-11,137.45499954223632,3.118869999982336,140.57386954221866,134.33612954225399,143.692739542201,131.21725954227165,-8.436976860183208,,1526176,14190.584719594433,17429.783133421257,154.4205607454905,36.88950643881617,139.54999796549478,141.09999593098956,137.2000020345052,143.44999186197916,135.6500040690104,144.99998982747394,133.30000813802081,-0.3257259186158753,-60.714285714285715,-0.35068801996371235,-0.5792503070484969,0.22856228708478454,49.33387609497682,20.84167290247885,138.43000183105468,137.45499954223632,,,UCAL.NS,2023-12-01 10:55:28.591736
56,2023-09-08 00:00:00+05:30,141.5,141.5,138.0,138.4499969482422,14990,0.0,0.0,2023-09-08,137.04999923706055,3.4501733150079414,140.50017255206848,133.59982592205262,143.95034586707644,130.14965260704466,-34.69536227177496,,1511607,14569.080370062862,18239.58273687796,154.50499493801712,41.168989208110354,139.31666564941406,140.63333129882812,137.13333129882812,142.81666564941406,135.81666564941406,144.13333129882812,133.63333129882812,-0.3514399979790182,-65.00004359654018,-0.3931006621403128,-0.6363908788196929,0.2432902166793801,48.816601888043124,21.86770289397429,138.34000244140626,137.04999923706055,,,UCAL.NS,2023-12-01 10:55:28.591736
57,2023-09-07 00:00:00+05:30,138.14999389648438,140.6999969482422,136.0,138.35000610351562,26390,0.0,0.0,2023-09-07,136.90249938964843,3.450229604198808,140.35272899384722,133.45226978544963,143.80295859804605,130.0020401812508,-118.56608065292626,,1496617,25630.443940257523,19157.208328581735,154.59449643353662,43.0447407305205,138.3500010172526,140.7000020345052,136.000005086263,143.04999796549478,133.6500040690104,145.39999898274738,131.30000813802081,-0.3583949247427058,-36.32806865499767,-0.4118998707063213,-0.697213432989538,0.2853135622832167,48.65434583928924,22.785247002400098,138.89000244140624,136.90249938964843,,,UCAL.NS,2023-12-01 10:55:28.591736
58,2023-09-06 00:00:00+05:30,140.89999389648438,141.85000610351562,138.1999969482422,139.0500030517578,14654,0.0,0.0,2023-09-06,137.02749938964843,3.5492967107764595,140.57679610042487,133.47820267887198,144.12609281120135,129.9289059680955,-8.016266934291849,,1523007,14304.238598620785,17538.89942566279,154.75550434579574,49.00445264729235,139.70000203450522,141.20000712076825,137.5499979654948,143.35001118977866,136.04999287923178,144.85001627604169,133.89998881022137,-0.3657120900699385,-30.38459190955529,-0.4198800640760112,-0.7685418235603421,0.34866175948433087,49.67799033485163,23.401787623654496,138.8800018310547,137.02749938964843,,,UCAL.NS,2023-12-01 10:55:28.591736
59,2023-09-05 00:00:00+05:30,139.89999389648438,141.0,136.0500030517578,137.5500030517578,21697,0.0,0.0,2023-09-05,137.06999893188475,3.5797472351829103,140.64974616706766,133.49025169670185,144.22949340225057,129.91050446151894,-174.8631920547593,,1508353,20950.666761322216,18347.564632423288,154.84242171536417,43.80269853454895,138.20000203450522,140.35000101725262,135.40000406901044,143.1499989827474,133.25000508626303,145.2999979654948,130.45000712076825,-0.3637106807629696,-41.92305344801683,-0.49267440406444507,-0.8557072634314247,0.3630328593669796,47.479286833866844,24.894315150916793,139.1300018310547,137.06999893188475,,,UCAL.NS,2023-12-01 10:55:28.591736
60,2023-09-04 00:00:00+05:30,141.89999389648438,141.89999389648438,138.0,138.3000030517578,21957,0.0,0.0,2023-09-04,137.302498626709,3.7590772147252403,141.06157584143423,133.54342141198376,144.82065305615947,129.78434419725852,-84.83600231498748,,1530050,21317.327006407617,17696.78910019855,154.9852871947691,49.464609690949,139.3999989827474,140.7999979654948,136.90000406901044,143.29999287923178,135.50000508626303,144.69999186197919,133.00001017252606,-0.35569285106749854,-36.15382267878606,-0.4306811817153289,-0.9464654782731696,0.5157842965578407,48.462389412129745,26.121700374473214,139.62000122070313,137.302498626709,,,UCAL.NS,2023-12-01 10:55:28.591736
61,2023-09-01 00:00:00+05:30,141.8000030517578,142.1999969482422,138.60000610351562,141.1999969482422,11885,0.0,0.0,2023-09-01,137.4499984741211,3.8568817274654004,141.3068802015865,133.59311674665568,145.1637619290519,129.73623501919027,72.48852386737352,,1552007,11780.709018474754,16791.654623646285,155.12596473621707,52.19004969889935,140.66666666666666,142.7333272298177,139.13333638509113,144.26665751139322,137.0666758219401,146.33331807454425,135.53334554036456,-0.3243055593054772,-13.432864713692606,-0.41864923519693775,-1.0754115524126298,0.656762317215692,52.35465049508351,28.030149859978973,139.87000122070313,137.4499984741211,,,UCAL.NS,2023-12-01 10:55:28.591736
62,2023-08-31 00:00:00+05:30,142.8000030517578,142.8000030517578,138.0,138.3000030517578,12279,0.0,0.0,2023-08-31,137.4374984741211,3.8444736296773954,141.2819721037985,133.5930248444437,145.1264457334759,129.7485512147663,31.400216688684488,,1540122,11921.276053726788,18044.391024939167,155.18981008453292,44.30861536417407,139.70000203450522,141.40000406901044,136.60000101725262,144.50000508626303,134.8999989827474,146.20000712076825,131.7999979654948,-0.35162355895379777,-35.074620067366446,-0.6825069868809521,-1.2396021317165526,0.5570951448356005,48.514985858410185,29.826435181498745,139.26000061035157,137.4374984741211,,,UCAL.NS,2023-12-01 10:55:28.591736
63,2023-08-30 00:00:00+05:30,142.89999389648438,142.89999389648438,138.60000610351562,140.3000030517578,13421,0.0,0.0,2023-08-30,137.6499984741211,4.008610707007215,141.65860918112833,133.64138776711388,145.66721988813555,129.63277706010666,60.20055799367966,,1552401,13218.437215142929,19575.16976774226,155.27019125882762,43.67041918218368,140.6000010172526,142.59999593098956,138.30000813802081,144.89998881022134,136.30001322428384,146.89998372395831,134.00002034505206,-0.36085338948675155,-20.149240134732892,-0.724378391475966,-1.3788759179254528,0.6544975264494868,51.155012351598806,31.760896296981578,139.2,137.6499984741211,,,UCAL.NS,2023-12-01 10:55:28.591736
64,2023-08-29 00:00:00+05:30,140.5,143.0,139.60000610351562,140.0,11060,0.0,0.0,2023-08-29,138.4199981689453,5.6765082218413445,144.09650639078666,132.74348994710397,149.773014612628,127.06698172526262,73.23088676289278,,1538980,10869.77910264607,21164.35290589209,155.34846999302968,44.402170252785794,140.86666870117188,142.13333129882812,138.73333740234375,144.26666259765625,137.4666748046875,145.5333251953125,135.33334350585938,-0.41389618436641323,-22.38806989895033,-0.9639807444578139,-1.5425002995378245,0.5785195550800106,50.781965639339695,33.60664279046976,138.92999877929688,138.4199981689453,,,UCAL.NS,2023-12-01 10:55:28.591736
65,2023-08-28 00:00:00+05:30,140.89999389648438,142.10000610351562,138.14999389648438,139.5500030517578,21174,0.0,0.0,2023-08-28,139.1824981689453,6.810814145271527,145.99331231421684,132.37168402367377,152.80412645948834,125.56086987840224,69.57871279925857,,1527920,20742.940174941024,23737.996356703592,155.41489434665425,39.52605188508548,139.93333435058594,141.7166748046875,137.76666259765625,143.8833465576172,135.9833221435547,145.66668701171875,133.816650390625,-0.5055652067544436,-25.746257609470476,-1.2265928390954457,-1.6871301883078271,0.46053734921238143,50.25276700087786,35.19783946658332,139.02999877929688,139.1824981689453,,,UCAL.NS,2023-12-01 10:55:28.591736
66,2023-08-25 00:00:00+05:30,141.8000030517578,141.8000030517578,137.0,138.14999389648438,18939,0.0,0.0,2023-08-25,140.2724983215332,8.425706088308747,148.69820440984194,131.84679223322445,157.12391049815068,123.4210861449157,68.37860611546922,,1506746,18367.30635632213,24486.76040214423,155.54743844471753,37.17491283910501,138.98333231608072,140.96666463216144,136.16666158040363,143.78333536783853,134.1833292643229,145.76666768391925,131.36665852864581,0.41553607286975824,-44.480576742821924,-1.4999132784016354,-1.8022645256109222,0.30235124720928686,48.65799684187895,37.190355692467556,138.4499969482422,140.2724983215332,,,UCAL.NS,2023-12-01 10:55:28.591736
67,2023-08-24 00:00:00+05:30,143.0,143.0,138.0,138.0,14258,0.0,0.0,2023-08-24,140.36249847412108,8.411442457800234,148.77394093192132,131.95105601632085,157.18538338972155,123.53961355852061,87.99173948763159,,1487807,13812.594188506086,26016.623913599753,155.6784231018829,43.62639775800776,139.66666666666666,141.33333333333331,136.33333333333331,144.66666666666666,134.66666666666666,146.33333333333331,131.33333333333331,0.4234890265791923,-45.454563469651845,-1.6892406167909542,-1.8778523374132436,0.18861172062228948,48.49372320646812,39.42724531568069,137.3499969482422,140.36249847412108,,,UCAL.NS,2023-12-01 10:55:28.591736
68,2023-08-23 00:00:00+05:30,140.0,143.0,138.0,138.9499969482422,22942,0.0,0.0,2023-08-23,140.3349983215332,8.420467111455528,148.75546543298873,131.91453121007766,157.17593254444424,123.49406409862213,91.6226714240875,,1502065,22378.314484238454,29067.63134487317,155.77919714399846,44.796493255603174,139.98333231608072,141.96666463216144,136.96666463216144,144.98333231608072,134.98333231608072,146.96666463216144,131.96666463216144,0.39839115352203197,-39.2857496725304,-1.8912703008812457,-1.9250052675688158,0.033734966687570145,49.42371280100963,41.485954632044766,135.89999694824218,140.3349983215332,,,UCAL.NS,2023-12-01 10:55:28.591736
69,2023-08-22 00:00:00+05:30,140.0,142.89999389648438,137.5500030517578,140.5,31861,0.0,0.0,2023-08-22,140.5099983215332,8.426535629264267,148.93653395079747,132.08346269226894,157.36306958006173,123.65692706300467,94.99702750982784,,1525007,31424.85500808035,30739.96056003185,155.9349884268043,40.80643475257949,140.31666564941406,143.0833282470703,137.73333740234375,145.66665649414062,134.9666748046875,148.43331909179688,132.3833465576172,0.3953484894530955,-45.22614452454672,-2.2148342125225042,-1.9334390092407083,-0.2813952032817959,50.90267325096605,43.703026203513765,134.45999755859376,140.5099983215332,,,UCAL.NS,2023-12-01 10:55:28.591736
70,2023-08-21 00:00:00+05:30,133.4499969482422,139.25,130.1999969482422,136.64999389648438,24173,0.0,0.0,2023-08-21,,,,,,,-7.113105869564745,,1493146,23188.77060881873,30568.736948019723,156.13600581554462,21.335240914121073,135.36666361490884,140.5333302815755,131.4833272298177,144.41666666666666,126.31666056315103,149.58333333333331,122.43332417805988,,-76.80924602493407,-2.748187790667771,-1.8630902084202594,-0.8850975822475116,47.262832875565806,46.115128875319314,132.73999633789063,,,,UCAL.NS,2023-12-01 10:55:28.591736
71,2023-08-18 00:00:00+05:30,134.0,134.0,130.0,132.64999389648438,6284,0.0,0.0,2023-08-18,,,,,,,-66.5083360758077,,1468973,5851.685359799468,32413.72853281997,156.33046748660848,62.871927116366905,132.21666463216147,134.43332926432294,130.43332926432294,136.21666463216147,128.21666463216147,138.43332926432294,126.43332926432294,,-90.71540747945637,-3.010235516270143,-1.6418158128583813,-1.3684197034117616,43.200418643312844,49.661813469514655,131.5399963378906,,,,UCAL.NS,2023-12-01 10:55:28.591736
72,2023-08-17 00:00:00+05:30,132.0,134.5,130.0,130.75,10991,0.0,0.0,2023-08-17,,,,,,,-90.7265693591441,,1462689,10088.264519388837,39054.23932607509,156.3920610319066,90.81081664219064,131.75,133.5,129.0,136.25,127.25,138.0,124.5,,-96.6472469219942,-2.9061869904691093,-1.2997108870054408,-1.6064761034636685,41.20270288047077,51.6973840523023,132.10999755859376,,,,UCAL.NS,2023-12-01 10:55:28.591736
73,2023-08-16 00:00:00+05:30,133.4499969482422,134.0,130.10000610351562,131.75,6381,0.0,0.0,2023-08-16,,,,,,,-113.64671697668857,,1473680,5901.697213131277,46295.73302774665,156.5092479220992,91.33990405799425,131.95000203450522,133.7999979654948,129.90000406901044,135.8499959309896,128.05000813802084,137.69999186197919,126.00001017252606,,-93.73179398936956,-2.5418196003508626,-0.8980918611395237,-1.643727739211339,41.92332231309089,53.88953698761207,134.12999877929687,,,,UCAL.NS,2023-12-01 10:55:28.591736
74,2023-08-14 00:00:00+05:30,130.9499969482422,133.6999969482422,129.60000610351562,131.89999389648438,10726,0.0,0.0,2023-08-14,,,,,,,-144.1009762402326,,1480061,9931.62067281567,56394.2419814005,156.57511507735327,88.84667743639706,131.73333231608072,133.86665852864581,129.76666768391925,135.83332316080728,127.63334147135416,137.96664937337238,125.66667683919269,,-93.29449384398839,-2.1352913569365626,-0.487159926336689,-1.6481314305998735,42.02569916855631,56.06634863780102,135.75999755859374,,,,UCAL.NS,2023-12-01 10:55:28.591736
75,2023-08-11 00:00:00+05:30,139.5,139.5,130.0,130.64999389648438,24129,0.0,0.0,2023-08-11,,,,,,,-124.38841705194213,,1469335,22130.247597503876,68009.8973085467,156.68595245080687,89.21905248333454,133.38333129882812,136.76666259765625,127.26666259765625,142.88333129882812,123.88333129882812,146.26666259765625,117.76666259765625,,-98.08261352946207,-1.5972312418108743,-0.0751270686867205,-1.5221041731241538,,58.304977427719265,137.81999816894532,,,,UCAL.NS,2023-12-01 10:55:28.591736
76,2023-08-10 00:00:00+05:30,140.85000610351562,142.89999389648438,135.0,135.5,15784,0.0,0.0,2023-08-10,,,,,,,-83.95871358673055,,1493464,15013.913975562155,79479.80973630739,156.9517266528802,,137.79999796549478,140.59999593098956,132.7000020345052,145.69999186197916,129.9000040690104,148.49998982747394,124.80000813802081,,,-0.7610447119634216,0.305398974594318,-1.0664436865577396,,60.792903481279104,139.93999938964845,,,,UCAL.NS,2023-12-01 10:55:28.591736
77,2023-08-09 00:00:00+05:30,140.0,142.5,137.25,140.85000610351562,9708,0.0,0.0,2023-08-09,,,,,,,-61.158759080418726,,1509248,9598.960256557608,95596.2836764937,157.09593453627892,,140.20000203450522,143.15000406901044,137.90000406901044,145.45000203450522,134.95000203450522,148.40000406901044,132.65000406901044,,,-0.15659369967218595,0.5720098962337529,-0.7286035959059388,,64.5512223494194,141.02999877929688,,,,UCAL.NS,2023-12-01 10:55:28.591736
78,2023-08-08 00:00:00+05:30,142.1999969482422,142.89999389648438,139.0,139.89999389648438,10586,0.0,0.0,2023-08-08,,,,,,,-55.048489380490906,,1499540,10396.499593652385,117095.61453147771,157.16338475470093,,140.5999959309896,142.19999186197919,138.2999979654948,144.49998982747397,136.70000203450522,146.09998575846356,134.40000406901044,,,0.09276485434943993,0.7541607952102376,-0.6613959408607977,,69.18104539233609,141.3699981689453,,,,UCAL.NS,2023-12-01 10:55:28.591736
79,2023-08-07 00:00:00+05:30,141.89999389648438,145.0,140.39999389648438,142.1999969482422,12565,0.0,0.0,2023-08-07,,,,,,,-36.384173756081424,,1510126,12542.948402475982,143770.39326593402,157.24189705528428,,142.53333028157553,144.66666666666669,140.06666056315106,147.13333638509116,137.9333241780599,149.2666727701823,135.46665445963544,,,0.5041756468673952,0.9195097804254371,-0.41533413355804183,,74.35129305524997,144.52999877929688,,,,UCAL.NS,2023-12-01 10:55:28.591736
80,2023-08-04 00:00:00+05:30,141.8000030517578,144.64999389648438,140.10000610351562,141.25,9950,0.0,0.0,2023-08-04,,,,,,,,,1497561,9866.181327547882,176577.2544817985,157.3235356698079,,142.0,143.89999389648438,139.35000610351562,146.54998779296875,137.45001220703125,148.44998168945312,134.80001831054688,,,0.7967516542078954,1.0233433138149475,-0.22659165960705208,,79.51355963419685,147.13999938964844,,,,UCAL.NS,2023-12-01 10:55:28.591736
81,2023-08-03 00:00:00+05:30,140.9499969482422,143.89999389648438,139.0,140.9499969482422,8747,0.0,0.0,2023-08-03,,,,,,,,,1487611,8654.893995920776,218255.02277036116,157.39291586168034,,141.28333028157553,143.56666056315106,138.66666666666669,146.1833241780599,136.38333638509116,148.46665445963544,133.7666727701823,,,1.2528259137478415,1.0799912287167104,0.17283468503113109,,85.15963918699306,151.16000061035157,,,,UCAL.NS,2023-12-01 10:55:28.591736
82,2023-07-28 00:00:00+05:30,149.5,149.5,140.6999969482422,142.5500030517578,41359,0.0,0.0,2023-07-28,,,,,,,,,1496358,41388.035819753684,270655.05496397126,157.45554697406217,,144.25,147.8000030517578,139.0,153.0500030517578,135.4499969482422,156.60000610351562,130.1999969482422,,,1.8473027145630567,1.0367825574589276,0.8105201571041292,,91.41900049125529,150.96000061035156,,,,UCAL.NS,2023-12-01 10:55:28.591736
83,2023-07-26 00:00:00+05:30,158.0,160.0,154.64999389648438,155.6999969482422,74879,0.0,0.0,2023-07-26,,,,,,,,,1537717,81843.87729908821,327971.8097500256,157.72892463962447,,156.78333028157553,158.91666666666669,153.56666056315106,162.13333638509116,151.4333241780599,164.2666727701823,148.21665445963544,,,2.4228473703429074,0.834152518182895,1.5886948521600124,,97.72052193628979,149.93999938964845,,,,UCAL.NS,2023-12-01 10:55:28.591736
84,2023-07-24 00:00:00+05:30,161.0,162.4499969482422,153.64999389648438,155.25,292788,0.0,0.0,2023-07-24,,,,,,,,,1462838,319096.7916729107,389503.79286275996,157.79860934068503,,157.11666361490884,160.58333333333331,151.7833302815755,165.91666666666666,148.31666056315103,169.38333638509113,142.9833272298177,,,1.8279339720991175,0.4369788051428919,1.3909551669562257,,98.42478481154943,147.28999938964844,,,,UCAL.NS,2023-12-01 10:55:28.591736
85,2023-07-21 00:00:00+05:30,139.8000030517578,163.89999389648438,139.35000610351562,161.35000610351562,1594102,0.0,0.0,2023-07-21,,,,,,,,,1755626,1805604.583642642,407105.54316022224,158.1939742449969,,154.86666870117188,170.38333129882812,145.83334350585938,179.41665649414062,130.31668090820312,194.93331909179688,121.28335571289062,,,1.082886457551723,0.0892400134038355,0.9936464441478875,,99.18322175413674,,,,,UCAL.NS,2023-12-01 10:55:28.591736
86,2023-07-20 00:00:00+05:30,138.39999389648438,141.14999389648438,137.0,139.9499969482422,33745,0.0,0.0,2023-07-20,,,,,,,,,161524,33152.7746450872,57480.783039617265,141.03924284116144,,139.36666361490884,141.7333272298177,137.58333333333331,143.51665751139322,135.21666971842447,145.88332112630206,133.43333943684894,,,-0.4881656804733723,-0.15917159763313637,-0.3289940828402359,,100.0,,,,,UCAL.NS,2023-12-01 10:55:28.591736
87,2023-07-19 00:00:00+05:30,138.9499969482422,143.0500030517578,136.6999969482422,137.4499969482422,65875,0.0,0.0,2023-07-19,,,,,,,,,127779,63562.785138249776,63562.785138249776,141.18087095461527,,139.06666564941406,141.43333435058594,135.0833282470703,145.4166717529297,132.71665954589844,147.78334045410156,128.7333221435547,,,-0.3846153846153868,-0.07692307692307737,-0.30769230769230943,,100.0,,,,,UCAL.NS,2023-12-01 10:55:28.591736
88,2023-07-17 00:00:00+05:30,138.35000610351562,145.0,138.3000030517578,142.4499969482422,193654,0.0,0.0,2023-07-17,,,,,,,,,193654,,,142.4499969482422,,141.91666666666666,145.5333302815755,138.83333333333331,148.61666361490884,135.21666971842447,152.2333272298177,132.13333638509113,,,0.0,0.0,0.0,,,,,,,UCAL.NS,2023-12-01 10:55:28.591736
